Rk,Player,Pos,Age,Tm,G,GS,MP,FG,FGA,FG%,3P,3PA,3P%,2P,2PA,2P%,eFG%,FT,FTA,FT%,ORB,DRB,TRB,AST,STL,BLK,TOV,PF,PTS
1,Precious Achiuwa\achiupr01,PF,21,MIA,58,3,11.9,1.9,3.6,0.538,0,0,,1.9,3.6,0.538,0.538,0.9,1.8,0.515,1.2,2.2,3.4,0.5,0.3,0.5,0.7,1.5,4.8
2,Jaylen Adams\adamsja01,PG,24,MIL,7,0,2.6,0.1,1.1,0.125,0,0.3,0,0.1,0.9,0.167,0.125,0,0,,0,0.4,0.4,0.3,0,0,0,0.1,0.3
3,Steven Adams\adamsst01,C,27,NOP,58,58,27.7,3.3,5.3,0.614,0,0.1,0,3.3,5.3,0.62,0.614,1,2.3,0.444,3.7,5.2,8.9,1.9,0.9,0.7,1.3,1.9,7.6
4,Bam Adebayo\adebaba01,C,23,MIA,59,59,33.5,7.2,12.7,0.567,0,0.1,0.25,7.2,12.5,0.57,0.568,4.5,5.7,0.797,2.3,6.8,9.1,5.4,1.2,1,2.7,2.2,18.9
5,LaMarcus Aldridge\aldrila01,C,35,TOT,26,23,25.9,5.4,11.4,0.473,1.2,3.1,0.388,4.2,8.3,0.505,0.525,1.6,1.8,0.872,0.7,3.8,4.5,1.9,0.4,1.1,1,1.8,13.5
5,LaMarcus Aldridge\aldrila01,C,35,SAS,21,18,25.9,5.5,11.8,0.464,1.3,3.6,0.36,4.2,8.2,0.509,0.518,1.5,1.8,0.838,0.8,3.7,4.5,1.7,0.4,0.9,1,1.7,13.7
5,LaMarcus Aldridge\aldrila01,C,35,BRK,5,5,26,5,9.6,0.521,0.8,1,0.8,4.2,8.6,0.488,0.563,2,2,1,0.4,4.4,4.8,2.6,0.6,2.2,1.4,2.2,12.8
6,Ty-Shon Alexander\alexaty01,SG,22,PHO,12,0,2.9,0.2,0.9,0.182,0.1,0.7,0.125,0.1,0.3,0.333,0.227,0.1,0.2,0.5,0.1,0.3,0.4,0.3,0,0.1,0.2,0.1,0.5
7,Nickeil Alexander-Walker\alexani01,SG,22,NOP,41,10,20.8,3.9,9.2,0.418,1.6,4.6,0.348,2.3,4.7,0.487,0.504,1,1.3,0.75,0.2,2.8,3.1,2,1,0.5,1.4,1.9,10.2
8,Grayson Allen\allengr01,SG,25,MEM,49,37,25.6,3.5,8.4,0.418,2.2,5.6,0.391,1.3,2.9,0.471,0.547,1.6,1.8,0.865,0.4,2.9,3.3,2.2,0.9,0.2,1,1.4,10.8
9,Jarrett Allen\allenja01,C,22,TOT,56,38,29.5,4.9,7.7,0.641,0.1,0.3,0.357,4.8,7.4,0.651,0.647,3.3,4.7,0.709,3.1,6.9,9.9,1.7,0.5,1.5,1.6,1.6,13.2
9,Jarrett Allen\allenja01,C,22,BRK,12,5,26.7,3.7,5.4,0.677,0,0,,3.7,5.4,0.677,0.677,3.8,5.1,0.754,3.2,7.3,10.4,1.7,0.6,1.6,1.8,1.8,11.2
9,Jarrett Allen\allenja01,C,22,CLE,44,33,30.2,5.3,8.3,0.635,0.1,0.3,0.357,5.1,8,0.646,0.641,3.2,4.5,0.695,3,6.8,9.8,1.7,0.5,1.5,1.5,1.5,13.8
10,Al-Farouq Aminu\aminual01,PF,30,TOT,23,14,18.9,1.7,4.3,0.384,0.3,1.6,0.216,1.3,2.7,0.484,0.424,0.8,1,0.818,1,3.8,4.8,1.3,0.8,0.4,1.2,1.3,4.4
10,Al-Farouq Aminu\aminual01,PF,30,ORL,17,14,21.6,2.1,5.2,0.404,0.4,1.8,0.226,1.7,3.4,0.5,0.444,0.8,1,0.824,1.2,4.2,5.4,1.7,1,0.5,1.5,1.3,5.5
10,Al-Farouq Aminu\aminual01,PF,30,CHI,6,0,11.2,0.3,1.7,0.2,0.2,1,0.167,0.2,0.7,0.25,0.25,0.7,0.8,0.8,0.3,2.8,3.2,0.3,0.3,0,0.5,1.2,1.5
11,Kyle Anderson\anderky01,PF,27,MEM,62,62,27.2,4.4,9.6,0.461,1.3,3.8,0.349,3.1,5.8,0.536,0.531,2,2.6,0.781,0.8,5.1,5.9,3.5,1.3,0.8,1.2,1.8,12.2
12,Giannis Antetokounmpo\antetgi01,PF,26,MIL,55,55,33.2,10.3,18.4,0.562,1.2,3.8,0.314,9.1,14.6,0.626,0.595,6.7,9.7,0.685,1.6,9.5,11.1,5.9,1.2,1.3,3.6,2.7,28.5
13,Kostas Antetokounmpo\antetko01,PF,23,LAL,14,0,3.8,0.2,0.7,0.3,0,0,,0.2,0.7,0.3,0.3,0.4,0.9,0.462,0.3,1.1,1.4,0.1,0.1,0.3,0.7,0.5,0.9
14,Thanasis Antetokounmpo\antetth01,SF,28,MIL,52,2,9.8,1.3,2.5,0.515,0.1,0.5,0.259,1.2,2,0.583,0.542,0.4,0.8,0.463,1,1.3,2.3,0.8,0.4,0.2,0.8,1.3,3.1
15,Carmelo Anthony\anthoca01,PF,36,POR,64,3,24.7,4.8,11.5,0.421,1.9,4.8,0.405,2.9,6.8,0.433,0.505,2,2.3,0.884,0.5,2.7,3.2,1.5,0.7,0.5,0.9,2,13.6
16,Cole Anthony\anthoco01,PG,20,ORL,40,27,27.2,4.5,11.3,0.397,1.2,3.5,0.336,3.3,7.8,0.425,0.449,2.1,2.6,0.817,0.8,3.8,4.6,4.3,0.7,0.4,2.1,2.1,12.3
17,OG Anunoby\anunoog01,SF,23,TOR,43,43,33.3,5.8,12.1,0.48,2.4,6.1,0.398,3.4,6,0.562,0.58,1.9,2.4,0.784,1.3,4.3,5.5,2.2,1.5,0.7,1.7,2.7,15.9
18,Ryan Arcidiacono\arcidry01,PG,26,CHI,40,0,10.4,1,2.6,0.39,0.5,1.5,0.322,0.6,1.2,0.478,0.481,0.3,0.5,0.65,0.1,1.4,1.5,1.2,0.2,0,0.2,1.1,2.9
19,Trevor Ariza\arizatr01,SF,35,MIA,25,22,27.2,3.2,7.7,0.42,1.7,4.7,0.359,1.6,3,0.513,0.528,1.1,1.5,0.737,0.8,3.8,4.6,1.8,0.9,0.6,0.8,1.8,9.3
20,D.J. Augustin\augusdj01,PG,33,TOT,51,6,19.2,2.2,5.6,0.385,1.3,3.5,0.374,0.8,2.1,0.402,0.502,1.4,1.5,0.932,0.4,1.3,1.6,3.3,0.5,0,1.1,1,7
20,D.J. Augustin\augusdj01,PG,33,MIL,37,6,19.3,1.9,5.2,0.37,1.3,3.5,0.38,0.6,1.7,0.349,0.497,1,1.1,0.9,0.3,1.1,1.4,3,0.5,0,0.9,0.9,6.1
20,D.J. Augustin\augusdj01,PG,33,HOU,14,0,19.1,2.8,6.7,0.415,1.3,3.6,0.36,1.5,3.1,0.477,0.511,2.4,2.4,0.971,0.5,1.8,2.3,4,0.4,0,1.5,1.3,9.2
21,Deni Avdija\avdijde01,SF,20,WAS,54,32,23.3,2.4,5.8,0.417,1,3.1,0.315,1.4,2.7,0.535,0.502,0.5,0.8,0.644,0.4,4.4,4.9,1.2,0.6,0.3,0.6,2.6,6.3
22,Deandre Ayton\aytonde01,C,22,PHO,65,65,30.7,6.3,10.2,0.62,0.1,0.3,0.2,6.2,9.9,0.633,0.623,1.9,2.5,0.764,3.3,7.3,10.6,1.4,0.6,1.2,1.6,2.9,14.6
23,Udoka Azubuike\azubuud01,C,21,UTA,12,0,4.1,0.3,0.6,0.571,0,0,,0.3,0.6,0.571,0.571,0.3,0.5,0.667,0.3,0.8,1.1,0,0.1,0.3,0.3,0.7,1
24,Dwayne Bacon\bacondw01,SG,25,ORL,65,43,25.7,4,9.9,0.403,0.9,2.9,0.296,3.1,7,0.447,0.446,1.9,2.3,0.839,0.4,2.6,3,1.2,0.6,0.1,0.6,1.4,10.8
25,Marvin Bagley III\baglema01,PF,21,SAC,40,39,25.9,5.7,11.4,0.5,0.9,2.6,0.352,4.8,8.8,0.544,0.541,1.7,2.9,0.578,2.5,4.9,7.4,1,0.5,0.5,1.4,2.4,14
26,LaMelo Ball\ballla01,PG,19,CHO,44,24,28.7,5.8,12.9,0.449,1.9,5.2,0.373,3.8,7.7,0.5,0.524,2.4,3.1,0.787,1.3,4.6,5.9,6.1,1.6,0.4,2.9,2.8,15.9
27,Lonzo Ball\balllo01,PG,23,NOP,52,52,31.7,5.3,12.7,0.416,3.1,8.3,0.378,2.2,4.5,0.487,0.539,0.9,1.2,0.8,0.6,4.2,4.7,5.8,1.5,0.6,2.2,1.9,14.6
28,Mo Bamba\bambamo01,C,22,ORL,41,1,14.6,3,6.2,0.494,0.8,2.4,0.351,2.2,3.8,0.583,0.561,0.8,1.2,0.667,1.5,3.7,5.3,0.7,0.2,1.1,0.8,1.8,7.7
29,Desmond Bane\banede01,SG,22,MEM,60,14,22.2,3.5,7.3,0.473,1.7,3.8,0.448,1.7,3.5,0.5,0.59,0.6,0.7,0.837,0.5,2.7,3.2,1.7,0.6,0.2,0.9,2,9.2
30,Harrison Barnes\barneha02,PF,28,SAC,58,58,36.2,5.5,11.1,0.497,1.7,4.4,0.391,3.8,6.7,0.567,0.575,3.4,4.1,0.83,1.1,5.5,6.6,3.5,0.7,0.2,1.6,1.3,16.1
31,RJ Barrett\barrerj01,SG,20,NYK,65,65,34.8,6.6,14.6,0.449,1.6,4,0.393,5,10.6,0.47,0.503,2.9,3.9,0.741,1,4.8,5.8,3,0.8,0.3,2,2.6,17.6
32,Will Barton\bartowi01,SF,30,DEN,56,52,31,4.6,10.9,0.426,1.8,4.6,0.381,2.9,6.3,0.459,0.507,1.7,2.2,0.785,0.7,3.3,4,3.2,0.9,0.4,1.7,1.7,12.7
33,Keita Bates-Diop\bateske01,SF,25,SAS,24,0,7.1,0.8,1.9,0.4,0.2,0.7,0.313,0.5,1.2,0.448,0.456,0.5,0.7,0.647,0.3,1.1,1.3,0.4,0.4,0.1,0.1,0.4,2.2
34,Nicolas Batum\batumni01,SF,32,LAC,62,38,27.8,2.8,6.2,0.457,1.7,4.1,0.406,1.2,2.1,0.557,0.591,0.7,0.9,0.852,0.8,4,4.7,2.2,1,0.5,0.8,1.6,8.1
35,Aron Baynes\baynear01,C,34,TOR,50,31,18.2,2.4,5.6,0.431,0.4,1.9,0.237,2,3.8,0.527,0.47,0.5,0.7,0.73,1.7,3.4,5.1,0.9,0.3,0.4,0.9,2.3,5.8
36,Kent Bazemore\bazemke01,SF,31,GSW,61,12,18.9,2.4,5.6,0.433,1.1,2.7,0.407,1.4,3,0.456,0.529,0.8,1.1,0.681,0.4,3,3.4,1.6,1,0.5,1.2,2.3,6.7
37,Darius Bazley\bazleda01,PF,20,OKC,50,50,31.3,5,12.4,0.406,1.5,5.1,0.293,3.5,7.3,0.486,0.467,2.1,3,0.689,0.9,6.5,7.4,1.7,0.5,0.5,2.2,1.2,13.7
38,Bradley Beal\bealbr01,SG,27,WAS,56,56,35.5,11,22.8,0.484,2.1,6.2,0.345,8.9,16.6,0.535,0.531,6.7,7.5,0.898,1.2,3.5,4.7,4.5,1.2,0.4,3.2,2.4,30.9
39,Malik Beasley\beaslma01,SG,24,MIN,37,36,32.8,7.1,16.2,0.44,3.5,8.7,0.399,3.7,7.5,0.487,0.547,1.8,2.2,0.85,0.8,3.6,4.4,2.4,0.8,0.2,1.6,1.7,19.6
40,Jordan Bell\belljo01,C,26,WAS,5,1,13.4,1.4,4,0.35,0,0.4,0,1.4,3.6,0.389,0.35,0,0,,1.2,2.6,3.8,1,0.6,0.6,0.6,1,2.8
41,DeAndre' Bembry\bembrde01,SF,26,TOR,45,11,17.6,2,3.8,0.532,0.2,0.8,0.257,1.8,3,0.603,0.558,0.8,1.2,0.685,0.6,2.1,2.7,1.9,0.8,0.3,1.3,1.5,5.1
42,Dāvis Bertāns\bertada01,PF,28,WAS,50,5,24.9,3.3,8.2,0.403,2.9,7.4,0.398,0.4,0.8,0.45,0.583,1.7,1.9,0.884,0.4,2.7,3,0.9,0.6,0.3,0.6,2.4,11.2
43,Patrick Beverley\beverpa01,PG,32,LAC,32,31,23.2,2.7,6.1,0.436,1.7,4,0.422,1,2.1,0.463,0.574,1,1.3,0.805,0.8,2.7,3.5,2.1,0.8,0.8,0.9,3.1,8
44,Saddiq Bey\beysa01,SF,21,DET,64,47,26.5,3.8,9.5,0.403,2.4,6.4,0.379,1.4,3.1,0.454,0.531,1.7,2,0.859,0.6,3.8,4.5,1.3,0.8,0.2,0.8,1.6,11.8
45,Tyler Bey\beyty01,SF,22,DAL,13,0,3.8,0.5,1.4,0.333,0.1,0.3,0.25,0.4,1.1,0.357,0.361,0.2,0.4,0.6,0.4,0.6,1,0.2,0,0.1,0.1,0.5,1.2
46,Khem Birch\birchkh01,C,28,TOT,61,16,21.8,2.5,5.1,0.495,0.2,0.6,0.263,2.4,4.5,0.527,0.511,1.3,1.9,0.693,2.6,3,5.6,1.2,0.7,0.7,0.6,1.6,6.5
46,Khem Birch\birchkh01,C,28,ORL,48,5,19.8,2,4.4,0.45,0.1,0.4,0.19,1.9,3.9,0.479,0.459,1.3,1.8,0.741,2.4,2.6,5.1,1.1,0.7,0.6,0.5,1.4,5.3
46,Khem Birch\birchkh01,C,28,TOR,13,11,29.1,4.6,7.8,0.588,0.5,1.3,0.353,4.2,6.5,0.635,0.618,1.2,2.2,0.552,3.2,4.5,7.7,1.6,0.8,1.1,0.9,2.3,10.9
47,Goga Bitadze\bitadgo01,C,21,IND,37,2,11.3,1.9,4.1,0.458,0.4,1.5,0.268,1.5,2.6,0.567,0.507,0.9,1.2,0.756,1.3,1.9,3.2,0.7,0.2,1.2,0.4,1.9,5.1
48,Bismack Biyombo\biyombi01,C,28,CHO,59,31,20.8,2.2,3.7,0.58,0,0,0,2.2,3.7,0.583,0.58,0.8,1.7,0.446,2.1,3.2,5.3,1.3,0.3,1.2,1,2.1,5.1
49,Nemanja Bjelica\bjeline01,PF,32,TOT,35,1,15.3,2.2,5,0.446,0.6,2.1,0.27,1.7,2.9,0.574,0.503,1,1.3,0.723,0.7,2.6,3.3,1.7,0.3,0.1,0.9,1.8,6
49,Nemanja Bjelica\bjeline01,PF,32,SAC,26,1,16.9,2.7,5.8,0.46,0.7,2.2,0.293,2,3.5,0.565,0.517,1.2,1.6,0.762,0.9,2.9,3.8,1.9,0.3,0.1,1.1,1.8,7.2
49,Nemanja Bjelica\bjeline01,PF,32,MIA,9,0,10.9,1,2.8,0.36,0.3,1.8,0.188,0.7,1,0.667,0.42,0.2,0.6,0.4,0.1,1.8,1.9,1.1,0.3,0.2,0.3,1.8,2.6
50,Eric Bledsoe\bledser01,SG,31,NOP,65,64,29.9,4.2,10,0.419,1.8,5,0.348,2.4,5,0.491,0.506,1.8,2.5,0.709,0.4,3,3.4,3.7,0.8,0.3,1.6,1.6,12
51,Keljin Blevins\blevike01,SF,25,POR,13,0,4.8,0.3,1.4,0.222,0.2,0.5,0.286,0.2,0.8,0.182,0.278,0,0,,0.2,0.3,0.5,0.3,0.2,0,0.2,0.5,0.8
52,Bogdan Bogdanović\bogdabo01,SG,28,ATL,39,22,29.2,5.8,12.6,0.457,3.1,7.4,0.42,2.7,5.2,0.51,0.58,0.8,0.9,0.892,0.5,3.3,3.8,3.3,1,0.3,1.3,2.2,15.5
53,Bojan Bogdanović\bogdabo02,SF,31,UTA,65,65,30.6,5.3,12.4,0.429,2.5,6.4,0.383,2.9,6,0.478,0.528,3.1,3.6,0.874,0.5,3.3,3.8,1.9,0.6,0.1,1.6,1.6,16.2
54,Bol Bol\bolbo01,PF,21,DEN,28,2,4.7,0.9,1.7,0.511,0.3,0.7,0.45,0.5,1,0.556,0.606,0.3,0.5,0.643,0,0.7,0.7,0.3,0.1,0.4,0.5,0.5,2.4
55,Marques Bolden\boldema01,C,22,CLE,6,0,4.8,0.2,0.5,0.333,0,0,,0.2,0.5,0.333,0.333,0.8,1.3,0.625,0.5,0.5,1,0,0.3,0.3,0.3,0,1.2
56,Jordan Bone\bonejo01,PG,23,ORL,14,0,14,1.6,3.9,0.426,0.7,2.3,0.313,0.9,1.6,0.591,0.519,0,0,,0.3,1.4,1.7,1.3,0.1,0,0.2,0.8,4
57,Isaac Bonga\bongais01,SF,21,WAS,39,8,10.9,0.8,2.1,0.375,0.3,1.2,0.283,0.4,0.9,0.5,0.456,0.1,0.2,0.625,0.5,1.2,1.7,0.6,0.3,0.2,0.5,1.5,2
58,Devin Booker\bookede01,SG,24,PHO,61,61,33.9,9.5,19.4,0.488,1.9,5.6,0.341,7.6,13.8,0.548,0.537,4.8,5.6,0.859,0.5,3.7,4.2,4.4,0.9,0.3,3.1,2.8,25.7
59,Chris Boucher\bouchch01,C,28,TOR,59,13,24,4.8,9.2,0.519,1.5,3.8,0.389,3.3,5.4,0.611,0.6,2.5,3.2,0.787,2,4.8,6.7,1.1,0.6,1.9,0.8,2.8,13.6
60,Brian Bowen\bowenbr02,SF,22,IND,6,0,2.5,0.2,0.7,0.25,0,0.2,0,0.2,0.5,0.333,0.25,0.2,0.2,1,0,0.5,0.5,0,0,0,0,0.2,0.5
61,Avery Bradley\bradlav01,SG,30,TOT,26,5,22.2,2.4,6.3,0.382,1.3,3.8,0.337,1.2,2.6,0.448,0.482,0.5,0.6,0.8,0.3,1.8,2.1,1.7,0.8,0.1,1,2,6.6
61,Avery Bradley\bradlav01,SG,30,MIA,10,1,21.1,3.1,6.6,0.47,1.6,3.8,0.421,1.5,2.8,0.536,0.591,0.7,0.9,0.778,0.2,1.6,1.8,1.4,0.7,0.1,0.9,2.6,8.5
61,Avery Bradley\bradlav01,SG,30,HOU,16,4,22.9,2,6.2,0.323,1.1,3.8,0.283,0.9,2.4,0.385,0.409,0.3,0.4,0.833,0.3,1.9,2.3,1.8,0.8,0.1,1.1,1.7,5.4
62,Tony Bradley\bradlto01,C,23,TOT,38,8,16.2,3.1,4.7,0.663,0,0.1,0,3.1,4.6,0.674,0.663,0.9,1.3,0.667,2.1,3.6,5.7,0.8,0.4,0.7,0.8,1.5,7.1
62,Tony Bradley\bradlto01,C,23,PHI,20,8,14.4,2.6,3.8,0.68,0,0.1,0,2.6,3.7,0.689,0.68,0.4,0.6,0.636,2,3.3,5.2,0.9,0.3,0.7,0.3,1.4,5.5
62,Tony Bradley\bradlto01,C,23,OKC,18,0,18.2,3.7,5.7,0.65,0,0.1,0,3.7,5.6,0.663,0.65,1.5,2.2,0.675,2.3,3.9,6.3,0.8,0.5,0.8,1.3,1.6,8.9
63,Jarrell Brantley\brantja01,PF,24,UTA,24,0,4.9,0.8,1.7,0.488,0.4,1,0.417,0.4,0.7,0.588,0.61,0.1,0.1,1,0.3,0.7,1,0.5,0.2,0.1,0.3,0.7,2.2
64,Ignas Brazdeikis\brazdig01,SF,22,TOT,6,0,7.8,0.8,2,0.417,0.2,0.3,0.5,0.7,1.7,0.4,0.458,0.8,1,0.833,0.3,0.8,1.2,0.3,0.3,0,0.3,0.7,2.7
64,Ignas Brazdeikis\brazdig01,SF,22,NYK,4,0,1.8,0,0.3,0,0,0,,0,0.3,0,0,0.5,0.5,1,0.3,0.3,0.5,0.3,0,0,0.3,0,0.5
64,Ignas Brazdeikis\brazdig01,SF,22,PHI,1,0,8,0,3,0,0,1,0,0,2,0,0,0,0,,0,2,2,0,0,0,0,0,0
64,Ignas Brazdeikis\brazdig01,F,22,ORL,1,0,32,5,8,0.625,1,1,1,4,7,0.571,0.688,3,4,0.75,1,2,3,1,2,0,1,4,14
65,Mikal Bridges\bridgmi01,SF,24,PHO,65,65,32.8,5,9.4,0.533,1.8,4.5,0.412,3.2,5,0.643,0.631,1.5,1.8,0.819,1.1,3.2,4.3,2.2,1,0.9,0.8,1.6,13.4
66,Miles Bridges\bridgmi02,PF,22,CHO,64,18,29,4.6,9.1,0.506,1.7,4.2,0.405,2.9,4.9,0.592,0.599,1.5,1.7,0.862,1.2,4.8,6.1,2.2,0.7,0.8,1.6,2.1,12.4
67,Amida Brimah\brimaam01,C,26,IND,4,0,6.8,1.3,2,0.625,0,0,,1.3,2,0.625,0.625,0.8,0.8,1,0.3,1.5,1.8,0.3,0,1.3,0.8,1,3.3
68,Oshae Brissett\brissos01,SF,22,IND,13,8,23.2,3.2,6.6,0.488,1.6,3.5,0.457,1.6,3.1,0.525,0.61,2.2,2.9,0.763,1.5,4.3,5.8,0.8,0.7,1.3,0.4,1.5,10.3
69,Malcolm Brogdon\brogdma01,PG,28,IND,56,56,34.5,7.9,17.5,0.453,2.6,6.7,0.388,5.3,10.8,0.493,0.527,2.7,3.2,0.864,1,4.2,5.3,5.9,0.9,0.3,2.1,2,21.2
70,Armoni Brooks\brookar01,SG,22,HOU,13,5,22.4,2.5,7.4,0.333,2.1,6.3,0.329,0.4,1.1,0.357,0.474,0.2,0.5,0.429,0.5,3,3.5,1.2,0.3,0.2,1.1,1.4,7.2
71,Dillon Brooks\brookdi01,SF,25,MEM,60,60,29.5,6.4,15.1,0.42,1.9,5.5,0.35,4.4,9.6,0.459,0.483,2.4,2.8,0.834,0.8,2.1,2.9,2.3,1.2,0.4,1.8,3.5,17
72,Bruce Brown\brownbr01,PG,24,BRK,59,32,21.9,3.5,6.3,0.545,0.3,0.9,0.291,3.2,5.4,0.589,0.567,1.3,1.8,0.736,1.7,3.4,5.1,1.6,0.9,0.4,0.8,2.2,8.5
73,Charlie Brown\brownch02,SG,23,OKC,3,1,16,1.7,6.3,0.263,1,3.7,0.273,0.7,2.7,0.25,0.342,0.7,0.7,1,0.3,2,2.3,0.7,1,0.3,1,1.3,5
74,Jaylen Brown\brownja02,SG,24,BOS,58,58,34.5,9.3,19.2,0.484,2.8,7.1,0.397,6.5,12.1,0.536,0.558,3.3,4.3,0.764,1.2,4.8,6,3.4,1.2,0.6,2.7,2.9,24.7
75,Moses Brown\brownmo01,C,21,OKC,37,26,20.6,3.3,6,0.552,0,0,,3.3,6,0.552,0.552,1.8,2.8,0.619,3.4,5.2,8.6,0.2,0.7,0.9,1,2.1,8.4
76,Sterling Brown\brownst02,SG,25,HOU,51,14,24.1,2.9,6.6,0.448,1.8,4.2,0.423,1.2,2.4,0.492,0.584,0.5,0.6,0.806,0.7,3.6,4.4,1.4,0.7,0.2,0.8,1.9,8.2
77,Troy Brown Jr.\browntr01,SF,21,TOT,34,0,15.4,1.8,4.2,0.431,0.6,2.1,0.314,1.2,2.2,0.541,0.507,0.4,0.6,0.714,0.6,2.5,3.1,0.9,0.3,0.2,0.6,1.4,4.7
77,Troy Brown Jr.\browntr01,SF,21,WAS,21,0,13.7,1.6,4.2,0.371,0.7,2.2,0.304,0.9,2,0.442,0.449,0.5,0.7,0.667,0.5,2.4,2.9,0.9,0.1,0.2,0.8,1.4,4.3
77,Troy Brown Jr.\browntr01,SF,21,CHI,13,0,18.2,2.2,4.2,0.527,0.6,1.8,0.333,1.6,2.4,0.677,0.6,0.4,0.5,0.833,0.7,2.7,3.4,0.8,0.5,0.2,0.4,1.5,5.5
78,Jalen Brunson\brunsja01,PG,24,DAL,61,12,25.1,4.8,9.2,0.52,1.1,2.9,0.385,3.7,6.3,0.583,0.582,1.8,2.3,0.794,0.4,3,3.5,3.4,0.5,0,1.2,1.6,12.6
79,Thomas Bryant\bryanth01,C,23,WAS,10,10,27.1,5.9,9.1,0.648,0.9,2.1,0.429,5,7,0.714,0.698,1.6,2.4,0.667,1.8,4.3,6.1,1.5,0.4,0.8,1.1,3.1,14.3
80,Reggie Bullock\bullore01,SF,29,NYK,58,57,29,3.7,8.4,0.445,2.4,5.9,0.412,1.3,2.5,0.524,0.591,0.7,0.8,0.889,0.2,3.1,3.4,1.5,0.8,0.2,0.7,2.2,10.6
81,Trey Burke\burketr01,PG,28,DAL,55,1,14.8,2.5,5.7,0.444,1,2.6,0.372,1.6,3.1,0.506,0.53,0.8,0.9,0.88,0.1,0.7,0.8,1.4,0.6,0.1,0.5,1,6.9
82,Alec Burks\burksal01,SG,29,NYK,45,5,25.6,4.2,10,0.417,2,4.9,0.411,2.2,5.2,0.422,0.517,2.1,2.5,0.85,0.4,4,4.4,2.2,0.7,0.3,1,2,12.5
83,Jimmy Butler\butleji01,SF,31,MIA,48,48,33.8,7.1,14.4,0.493,0.4,1.9,0.204,6.7,12.4,0.539,0.507,6.9,8,0.865,1.8,5.2,7,7.2,2.1,0.4,2.1,1.4,21.5
84,Bruno Caboclo\cabocbr01,PF,25,HOU,6,0,6,1.3,2.8,0.471,0,0.8,0,1.3,2,0.667,0.471,0.2,0.3,0.5,0.5,1.8,2.3,0.2,0,0.3,0.7,1,2.8
85,Devontae Cacok\cacokde01,PF,24,LAL,18,1,5,0.9,1.5,0.63,0,0,,0.9,1.5,0.63,0.63,0.2,0.5,0.444,0.6,1.1,1.7,0.1,0.3,0.2,0.3,0.4,2.1
86,Kentavious Caldwell-Pope\caldwke01,SG,27,LAL,60,60,27.9,3.2,7.5,0.425,1.8,4.3,0.412,1.4,3.2,0.443,0.543,1.4,1.6,0.853,0.4,2.3,2.7,1.7,0.9,0.4,1,1.7,9.5
87,Facundo Campazzo\campafa01,PG,29,DEN,59,13,21,1.8,4.5,0.394,1.2,3.1,0.37,0.6,1.4,0.45,0.523,1.1,1.3,0.853,0.3,1.5,1.8,3.3,1.1,0.2,1.1,2.1,5.8
88,Vlatko Čančar\cancavl01,PF,23,DEN,35,0,5.3,0.5,1.3,0.432,0.2,0.7,0.261,0.4,0.6,0.619,0.5,0.2,0.2,0.875,0.2,0.9,1,0.3,0.3,0.1,0.3,0.4,1.5
89,Devin Cannady\cannade01,PG,24,ORL,8,0,9.3,1.4,3.5,0.393,0.8,2,0.375,0.6,1.5,0.417,0.5,0.8,0.9,0.857,0,0.6,0.6,0.1,0.6,0.1,0.3,1.1,4.3
90,Clint Capela\capelca01,C,26,ATL,58,58,30.3,6.6,11.1,0.593,0,0,,6.6,11.1,0.593,0.593,2.1,3.7,0.571,4.7,9.7,14.4,0.8,0.7,2.1,1.1,2.3,15.3
91,Vernon Carey Jr.\careyve01,C,19,CHO,17,4,6.2,1.1,1.9,0.545,0.1,0.4,0.143,1,1.5,0.654,0.561,0.5,0.5,0.889,0.4,1.2,1.5,0.1,0.1,0.2,0.3,0.7,2.6
92,Jevon Carter\carteje01,PG,25,PHO,53,0,11.5,1.5,3.5,0.416,0.9,2.5,0.366,0.5,1,0.537,0.546,0.1,0.1,0.5,0.2,1.2,1.5,1.1,0.5,0.2,0.3,1,3.9
93,Wendell Carter Jr.\cartewe01,C,21,TOT,51,41,25.4,4.4,8.5,0.517,0.3,0.9,0.319,4.1,7.5,0.542,0.535,2.5,3.4,0.731,2.4,5.7,8,1.9,0.7,0.8,1.5,2.7,11.5
93,Wendell Carter Jr.\cartewe01,C,21,CHI,32,25,24.8,4,7.9,0.512,0.3,0.7,0.364,3.8,7.2,0.526,0.528,2.6,3.5,0.739,2.2,5.6,7.8,2.2,0.6,0.8,1.5,3,10.9
93,Wendell Carter Jr.\cartewe01,C,21,ORL,19,16,26.5,4.9,9.4,0.525,0.4,1.3,0.28,4.6,8.1,0.565,0.545,2.3,3.2,0.717,2.6,5.8,8.4,1.6,0.8,0.8,1.4,2.2,12.5
94,Michael Carter-Williams\cartemi01,SG,29,ORL,31,25,25.8,3.4,8.7,0.389,0.5,2,0.246,2.9,6.7,0.431,0.417,1.6,2.6,0.613,1.3,3.2,4.5,4.2,0.8,0.5,2.2,2.6,8.8
95,Alex Caruso\carusal01,PG,26,LAL,53,2,20.6,2.1,4.9,0.429,0.9,2.4,0.4,1.2,2.6,0.456,0.525,0.8,1.3,0.657,0.5,2.4,2.9,2.6,1.1,0.3,1.2,1.8,6
96,Willie Cauley-Stein\caulewi01,C,27,DAL,46,12,17.3,2.2,3.5,0.625,0,0.2,0.1,2.2,3.3,0.66,0.628,1,1.6,0.625,1.2,3.1,4.4,0.7,0.4,0.8,0.5,2.3,5.3
97,Chris Chiozza\chiozch01,PG,25,BRK,22,1,10.5,1.4,4,0.352,0.6,1.9,0.31,0.8,2.1,0.391,0.426,0.6,0.8,0.765,0.1,1,1.1,3,0.3,0.3,0.7,0.9,4
98,Marquese Chriss\chrisma01,PF,23,GSW,2,0,13.5,2.5,7,0.357,0.5,2.5,0.2,2,4.5,0.444,0.393,1,2,0.5,1.5,5,6.5,1,0,1,1,1.5,6.5
99,Gary Clark\clarkga01,SF,26,TOT,37,11,17.3,1.1,3.5,0.305,0.8,2.9,0.287,0.2,0.6,0.391,0.424,0.2,0.3,0.8,0.9,2.2,3.1,0.8,0.3,0.2,0.5,0.9,3.2
99,Gary Clark\clarkga01,SF,26,ORL,35,11,18.2,1.1,3.7,0.305,0.9,3.1,0.287,0.3,0.7,0.391,0.424,0.2,0.3,0.8,0.9,2.3,3.2,0.9,0.3,0.2,0.5,1,3.4
99,Gary Clark\clarkga01,SF,26,DEN,2,0,2,0,0,,0,0,,0,0,,,0,0,,0,0.5,0.5,0,0,0,0,0,0
100,Brandon Clarke\clarkbr01,PF,24,MEM,52,16,24.7,4.5,8.6,0.518,0.4,1.3,0.279,4.1,7.3,0.561,0.539,1.3,1.9,0.684,1.5,4,5.5,1.7,1,0.8,0.6,1.4,10.6
101,Jordan Clarkson\clarkjo01,SG,28,UTA,61,1,26.3,6.3,15.3,0.414,3,8.7,0.341,3.4,6.6,0.509,0.51,1.7,1.9,0.922,0.7,3.3,4,2.3,0.9,0.1,1.7,1.5,17.3
102,Nicolas Claxton\claxtni01,C,21,BRK,26,1,18,2.7,4.6,0.583,0,0.2,0.2,2.7,4.4,0.6,0.588,0.9,1.8,0.5,1.3,3.5,4.8,1,0.7,1.2,0.5,2,6.3
103,Amir Coffey\coffeam01,SG,23,LAC,44,1,9,1,2.3,0.437,0.5,1.3,0.411,0.5,1.1,0.468,0.549,0.6,0.9,0.711,0.2,0.8,1,0.5,0.2,0,0.3,0.7,3.2
104,John Collins\collijo01,PF,23,ATL,57,57,29.7,6.9,12.5,0.552,1.3,3.3,0.383,5.6,9.2,0.613,0.603,2.6,3.1,0.831,2,5.6,7.6,1.3,0.5,1,1.3,3.1,17.6
105,Mike Conley\conlemi01,PG,33,UTA,49,49,29.8,5.7,12.7,0.446,2.7,6.7,0.407,2.9,6,0.49,0.554,2.4,2.8,0.853,0.7,2.7,3.4,6,1.4,0.2,2,1.9,16.4
106,Pat Connaughton\connapa01,SG,28,MIL,62,3,22.8,2.4,5.5,0.442,1.5,3.8,0.382,1,1.7,0.577,0.575,0.5,0.6,0.757,0.9,3.8,4.7,1.2,0.7,0.3,0.5,1.5,6.8
107,Quinn Cook\cookqu01,PG,27,TOT,23,0,6.8,1.3,3,0.426,0.5,1.1,0.423,0.8,1.8,0.429,0.507,0.3,0.3,0.875,0.1,0.7,0.7,0.8,0.2,0,0.3,0.4,3.3
107,Quinn Cook\cookqu01,PG,27,LAL,16,0,3.9,0.8,1.6,0.462,0.3,0.8,0.385,0.4,0.8,0.538,0.558,0.3,0.3,0.8,0,0.3,0.3,0.3,0.1,0.1,0.2,0.1,2.1
107,Quinn Cook\cookqu01,PG,27,CLE,7,0,13.6,2.4,6,0.405,0.9,1.9,0.462,1.6,4.1,0.379,0.476,0.4,0.4,1,0.3,1.4,1.7,1.9,0.4,0,0.6,1.1,6.1
108,Tyler Cook\cookty01,SF-PF,23,TOT,26,1,11.6,1.8,2.8,0.639,0,0,0,1.8,2.7,0.648,0.639,0.5,1,0.48,0.8,1.7,2.5,0.5,0.2,0,0.7,1.1,4
108,Tyler Cook\cookty01,PF,23,BRK,4,0,4.3,0.3,0.8,0.333,0,0,,0.3,0.8,0.333,0.333,0,0,,0.3,0.3,0.5,0.5,0,0,0.3,0.5,0.5
108,Tyler Cook\cookty01,SF,23,DET,22,1,13,2,3.1,0.652,0,0,0,2,3.1,0.662,0.652,0.5,1.1,0.48,1,1.9,2.9,0.5,0.2,0,0.7,1.2,4.6
109,DeMarcus Cousins\couside01,C,30,TOT,36,11,18.1,3.2,7.7,0.41,1.3,3.6,0.351,1.9,4.1,0.463,0.493,1.6,2.2,0.718,1.4,5.5,6.9,2,0.7,0.6,1.7,2.6,9.2
109,DeMarcus Cousins\couside01,C,30,HOU,25,11,20.2,3.2,8.4,0.376,1.6,4.6,0.336,1.6,3.8,0.426,0.469,1.8,2.4,0.746,1.2,6.4,7.6,2.4,0.8,0.7,1.6,3,9.6
109,DeMarcus Cousins\couside01,C,30,LAC,11,0,13.2,3.2,6.2,0.515,0.6,1.4,0.467,2.5,4.8,0.528,0.566,1.1,1.7,0.632,1.7,3.4,5.1,1.2,0.4,0.5,1.9,1.9,8.1
110,Robert Covington\covinro01,PF,30,POR,63,63,32.1,3,7.4,0.407,2,5.1,0.386,1,2.3,0.455,0.54,0.7,0.9,0.825,0.9,5.8,6.7,1.7,1.5,1.2,1,2.7,8.7
111,Torrey Craig\craigto01,SF,30,TOT,43,5,15.3,2.1,4.3,0.486,0.7,1.9,0.378,1.3,2.3,0.574,0.571,0.3,0.4,0.722,1.1,2.7,3.8,0.9,0.6,0.6,0.5,1.6,5.2
111,Torrey Craig\craigto01,SF,30,MIL,18,0,11.2,1,2.6,0.391,0.4,1.2,0.364,0.6,1.3,0.417,0.478,0.1,0.1,0.5,0.7,1.7,2.4,0.9,0.5,0.4,0.3,1.3,2.5
111,Torrey Craig\craigto01,SF,30,PHO,25,5,18.2,2.8,5.5,0.518,0.9,2.4,0.383,1.9,3.1,0.623,0.602,0.5,0.6,0.75,1.3,3.5,4.8,0.9,0.6,0.7,0.6,1.7,7.1
112,Jae Crowder\crowdja01,PF,30,PHO,55,39,27.4,3.3,8.1,0.401,2.4,6.2,0.381,0.9,1.9,0.467,0.547,0.9,1.2,0.761,0.5,4.3,4.8,2.1,0.8,0.4,0.9,2,9.8
113,Jarrett Culver\culveja01,SG,21,MIN,34,7,14.7,2,4.9,0.411,0.4,1.6,0.245,1.6,3.4,0.487,0.449,0.9,1.4,0.604,1,2.1,3.1,0.7,0.5,0.3,0.8,1.7,5.3
114,Seth Curry\curryse01,SG,30,PHI,52,52,28.9,4.5,9.8,0.461,2.1,4.8,0.44,2.4,4.9,0.48,0.57,1.3,1.4,0.905,0.2,2.1,2.3,2.7,0.8,0.2,1.2,1.6,12.4
115,Stephen Curry\curryst01,PG,32,GSW,58,58,34.1,10.3,21.3,0.485,5.3,12.4,0.426,5,8.9,0.568,0.609,5.6,6.1,0.915,0.5,5.1,5.6,5.7,1.2,0.1,3.4,1.9,31.5
116,Nate Darling\darlina01,SG,22,CHO,6,0,4,0.3,1.2,0.286,0.3,1.2,0.286,0,0,,0.429,0.5,0.5,1,0.2,0,0.2,0.2,0,0.2,0.2,0.2,1.5
117,Anthony Davis\davisan02,PF,27,LAL,30,30,32.1,8.4,16.7,0.503,0.7,2.8,0.265,7.7,13.9,0.55,0.525,3.9,5.4,0.72,1.8,6.2,8,3,1.3,1.8,2.1,1.8,21.4
118,Ed Davis\davised01,C,31,MIN,22,7,13.3,0.9,2,0.432,0,0,,0.9,2,0.432,0.432,0.5,0.5,0.833,2.1,3,5.1,1,0.6,0.6,0.3,2.5,2.2
119,Terence Davis\daviste02,SG,23,TOT,54,4,16.2,2.8,6.6,0.423,1.4,3.9,0.366,1.4,2.7,0.507,0.532,0.6,0.7,0.833,0.3,1.9,2.2,1.2,0.6,0.2,1,1.5,7.6
119,Terence Davis\daviste02,SG,23,TOR,34,4,14.5,2.6,6.2,0.414,1.3,3.6,0.361,1.3,2.6,0.489,0.519,0.5,0.5,0.889,0.3,1.7,1.9,1.1,0.5,0.2,0.9,1.4,6.9
119,Terence Davis\daviste02,SG,23,SAC,20,0,19,3.2,7.4,0.435,1.7,4.6,0.374,1.5,2.8,0.536,0.551,0.7,0.9,0.778,0.3,2.4,2.7,1.4,0.7,0.2,1.2,1.6,8.8
120,Gabriel Deck\deckga01,PF,25,OKC,4,0,18.3,3.5,7.5,0.467,0.3,1.8,0.143,3.3,5.8,0.565,0.483,2,2.8,0.727,2.3,3,5.3,2.5,0.8,0,0.5,1,9.3
121,Dewayne Dedmon\dedmode01,C,31,MIA,11,0,13.2,3.2,4.3,0.745,0,0.3,0,3.2,4,0.795,0.745,1.7,2,0.864,2.1,3.8,5.9,0.6,0.6,0.5,0.8,1.8,8.1
122,Matthew Dellavedova\dellama01,PG,30,CLE,13,1,17.2,1.1,4.3,0.25,0.3,1.9,0.16,0.8,2.4,0.323,0.286,0.3,0.3,1,0.5,1.4,1.8,4.5,0.3,0.1,0.5,1.6,2.8
123,DeMar DeRozan\derozde01,PF,31,SAS,54,54,34.3,7.5,15.2,0.491,0.3,1.4,0.247,7.1,13.8,0.515,0.502,6.4,7.3,0.885,0.7,3.6,4.3,7.3,0.9,0.3,1.9,2.1,21.7
124,Mamadi Diakite\diakima01,PF,24,MIL,12,0,8.5,1,2.4,0.414,0.1,0.6,0.143,0.9,1.8,0.5,0.431,0.5,0.5,1,0.5,1.8,2.3,0.5,0.3,0.4,0.3,1,2.6
125,Hamidou Diallo\diallha01,SG-SF,22,TOT,50,7,23.2,4.2,8.9,0.477,0.5,1.5,0.365,3.7,7.4,0.5,0.508,2.4,3.8,0.638,1.2,3.9,5.1,1.9,0.8,0.4,1.4,2.5,11.4
125,Hamidou Diallo\diallha01,SG,22,OKC,32,5,23.8,4.5,9.3,0.481,0.4,1.3,0.293,4.1,8,0.512,0.502,2.6,4.1,0.629,1.2,4,5.2,2.4,1,0.4,1.5,2.6,11.9
125,Hamidou Diallo\diallha01,SF,22,DET,18,2,22.2,3.8,8.2,0.469,0.8,1.8,0.455,3,6.3,0.474,0.52,2.1,3.1,0.661,1.2,3.8,5,1.1,0.5,0.6,1.3,2.4,10.6
126,Gorgui Dieng\dienggo01,C,31,TOT,32,1,15.1,2.2,4.2,0.519,0.9,1.9,0.459,1.3,2.3,0.568,0.622,1.7,1.9,0.869,1.1,2.8,3.9,1.2,0.7,0.5,0.8,1.6,6.9
126,Gorgui Dieng\dienggo01,C,31,MEM,22,1,16.9,2.5,4.9,0.519,1,2.2,0.479,1.5,2.7,0.55,0.625,1.7,2,0.884,1.3,3.2,4.5,1.3,0.8,0.6,1,1.7,7.9
126,Gorgui Dieng\dienggo01,C,31,SAS,10,0,11.3,1.4,2.7,0.519,0.5,1.3,0.385,0.9,1.4,0.643,0.611,1.5,1.8,0.833,0.7,1.9,2.6,1,0.6,0.1,0.5,1.4,4.8
127,Spencer Dinwiddie\dinwisp01,SG,27,BRK,3,3,21.3,2,5.3,0.375,0.7,2.3,0.286,1.3,3,0.444,0.438,2,2,1,0,4.3,4.3,3,0.7,0.3,1.7,1.3,6.7
128,Donte DiVincenzo\divindo01,SG,24,MIL,60,60,27.4,3.7,9.1,0.411,1.9,5,0.369,1.9,4.1,0.463,0.513,0.7,1,0.724,1.3,4.5,5.7,3,1.1,0.2,1.4,1.6,10
129,Luka Dončić\doncilu01,PG,21,DAL,59,59,35.1,10.1,20.8,0.487,3,8.4,0.356,7.2,12.5,0.574,0.558,5.3,7.3,0.724,0.8,7.2,8.1,8.9,1,0.6,4.4,2.4,28.5
130,Luguentz Dort\dortlu01,SG,21,OKC,50,50,29.9,4.8,12.3,0.39,2.2,6.3,0.345,2.6,5.9,0.438,0.479,2.4,3.2,0.744,0.7,3,3.7,1.7,0.9,0.4,1.5,2.6,14.1
131,Damyean Dotson\dotsoda01,SG,26,CLE,40,6,19.2,2.5,6.3,0.398,1,3.3,0.286,1.6,3,0.525,0.474,0.6,0.9,0.676,0.1,1.9,2.1,2.1,0.4,0.1,0.9,1,6.5
132,Devon Dotson\dotsode01,PG,21,CHI,7,0,3.3,0.6,1.1,0.5,0,0.1,0,0.6,1,0.571,0.5,0,0,,0.3,0.1,0.4,0.3,0.3,0,0,0.1,1.1
133,Sekou Doumbouya\doumbse01,PF,20,DET,52,8,14.7,1.8,4.8,0.368,0.5,2,0.236,1.3,2.7,0.468,0.419,0.7,0.9,0.714,0.6,1.8,2.4,0.8,0.4,0.1,0.7,1.6,4.7
134,PJ Dozier\doziepj01,SG,24,DEN,50,6,21.8,3,7.1,0.417,0.9,3,0.315,2,4.1,0.49,0.483,0.8,1.3,0.636,0.7,2.9,3.6,1.8,0.6,0.4,0.9,1.7,7.7
135,Goran Dragić\dragigo01,PG,34,MIA,45,11,26.7,4.7,10.8,0.43,1.6,4.7,0.351,3,6.2,0.491,0.506,2.2,2.6,0.829,0.5,3,3.5,4.5,0.7,0.2,2.4,2.2,13.1
136,Andre Drummond\drumman01,C,27,TOT,39,39,27.5,6.4,13.1,0.488,0,0.2,0,6.4,12.9,0.496,0.488,2.8,4.5,0.61,3.6,8.5,12.1,2.2,1.5,1.1,2.9,3.2,15.6
136,Andre Drummond\drumman01,C,27,CLE,25,25,28.9,7.2,15.2,0.474,0,0.3,0,7.2,14.9,0.484,0.474,3.1,5.2,0.597,4,9.4,13.5,2.6,1.6,1.2,3.2,2.8,17.5
136,Andre Drummond\drumman01,C,27,LAL,14,14,24.9,5,9.4,0.53,0,0,,5,9.4,0.53,0.53,2.2,3.4,0.646,2.7,6.8,9.5,1.5,1.4,0.9,2.2,3.9,12.2
137,Jared Dudley\dudleja01,PF,35,LAL,11,0,6.9,0.2,0.6,0.286,0.2,0.5,0.4,0,0.2,0,0.429,0,0,,0.4,1.4,1.7,0.5,0.1,0.1,0.2,0.6,0.5
138,Kris Dunn\dunnkr01,PG,26,ATL,3,0,14,0.3,3.7,0.091,0,0.7,0,0.3,3,0.111,0.091,1,1.3,0.75,0,1.3,1.3,0.7,0.7,0.7,1,3,1.7
139,Kevin Durant\duranke01,PF,32,BRK,29,26,33.1,9.8,17.9,0.546,2.7,5.7,0.479,7,12.2,0.578,0.623,6,6.9,0.875,0.4,6.5,6.9,5.2,0.7,1.2,3.6,2.1,28.3
140,Anthony Edwards\edwaran01,SG,19,MIN,65,48,31.7,6.7,16.7,0.403,2.3,7.1,0.317,4.5,9.6,0.466,0.47,2.8,3.6,0.774,0.8,3.8,4.6,2.8,1.2,0.4,2.2,1.7,18.5
141,Carsen Edwards\edwarca01,SG,22,BOS,25,1,8.5,1.6,3.4,0.453,0.5,1.8,0.283,1,1.6,0.65,0.529,0.3,0.4,0.778,0.1,0.8,0.9,0.4,0.2,0,0.2,0.9,3.9
142,CJ Elleby\ellebcj01,SF,20,POR,25,0,6.9,0.8,2.3,0.368,0.3,1.2,0.226,0.6,1,0.538,0.43,0.4,0.5,0.692,0.4,0.7,1.1,0.3,0.2,0.1,0.2,1,2.3
143,Henry Ellenson\ellenhe01,PF,24,TOR,2,0,19,2.5,7,0.357,1,4.5,0.222,1.5,2.5,0.6,0.429,1.5,2,0.75,1.5,4.5,6,2.5,0,0,0,3.5,7.5
144,Wayne Ellington\ellinwa01,SG,33,DET,44,30,21.9,3.2,7.3,0.445,2.5,5.9,0.421,0.8,1.4,0.55,0.616,0.6,0.8,0.8,0.3,1.6,1.9,1.4,0.4,0.2,0.7,1.3,9.6
145,Joel Embiid\embiijo01,C,26,PHI,46,46,31.7,9.2,18.1,0.509,1.2,3.1,0.368,8,14.9,0.539,0.541,9.4,11,0.854,2.2,8.5,10.8,3,1,1.4,3.1,2.5,29
146,James Ennis\ennisja01,SF,30,ORL,41,37,24,2.8,5.9,0.473,1.1,2.5,0.433,1.7,3.4,0.504,0.566,1.7,2.1,0.805,1,3,4,1.5,0.8,0.2,0.9,2,8.4
147,Drew Eubanks\eubandr01,C,23,SAS,46,2,13.9,2.1,3.7,0.576,0,0,1,2.1,3.7,0.574,0.579,1.3,1.9,0.697,1.2,3,4.2,0.8,0.4,1,0.8,1.5,5.6
148,Dante Exum\exumda01,SG,25,CLE,6,3,19.3,1.7,4.3,0.385,0.3,1.8,0.182,1.3,2.5,0.533,0.423,0.2,0.3,0.5,0.3,2.5,2.8,2.2,0.7,0.3,1.2,1.5,3.8
149,Tacko Fall\fallta01,C,25,BOS,15,0,6.7,1.2,1.6,0.75,0,0,,1.2,1.6,0.75,0.75,0.3,0.9,0.308,0.7,1.8,2.5,0.1,0.1,0.8,0.3,1.1,2.7
150,Derrick Favors\favorde01,C,29,UTA,61,0,15.4,2.3,3.7,0.628,0,0,0,2.3,3.6,0.633,0.628,0.9,1.2,0.737,2.1,3.5,5.6,0.7,0.5,1,0.6,2.2,5.5
151,Cristiano Felício\feliccr01,C,28,CHI,14,0,4.2,0.3,0.5,0.571,0,0.1,0,0.3,0.4,0.667,0.571,0.4,0.7,0.6,0.4,0.6,1,0.6,0.1,0,0.3,0.5,1
152,Terrance Ferguson\fergute01,SG,22,PHI,13,0,3.8,0.1,0.5,0.143,0,0.4,0,0.1,0.2,0.5,0.143,0,0,,0,0.1,0.1,0.2,0.1,0,0.3,0.5,0.2
153,Bruno Fernando\fernabr01,C,22,ATL,30,0,6.6,0.4,1.1,0.394,0,0.1,0,0.4,1,0.419,0.394,0.4,0.7,0.65,0.5,1.8,2.3,0.3,0.1,0.1,0.7,0.7,1.3
154,Yogi Ferrell\ferreyo01,PG,27,TOT,5,0,13.8,2.4,6.2,0.387,1.2,3,0.4,1.2,3.2,0.375,0.484,0.6,1,0.6,0.6,1,1.6,3,0.8,0.2,0.6,1,6.6
154,Yogi Ferrell\ferreyo01,PG,27,CLE,2,0,20,4,10.5,0.381,1.5,4.5,0.333,2.5,6,0.417,0.452,0,1,0,1.5,2,3.5,2.5,1.5,0.5,1.5,2,9.5
154,Yogi Ferrell\ferreyo01,PG,27,LAC,3,0,9.7,1.3,3.3,0.4,1,2,0.5,0.3,1.3,0.25,0.55,1,1,1,0,0.3,0.3,3.3,0.3,0,0,0.3,4.7
155,Dorian Finney-Smith\finnedo01,PF,27,DAL,53,53,32.5,3.6,7.8,0.468,2,5.1,0.398,1.6,2.7,0.601,0.598,0.5,0.7,0.8,1.7,3.8,5.6,1.7,0.9,0.4,0.8,2.3,9.8
156,Malik Fitts\fittsma01,PF,23,LAC,3,0,3.7,0.3,1,0.333,0.3,0.7,0.5,0,0.3,0,0.5,0,0,,0,1,1,0,0,0,0,1,1
157,Malachi Flynn\flynnma01,PG,22,TOR,41,9,17.9,2.2,6.1,0.364,0.9,3,0.311,1.3,3.1,0.414,0.44,0.8,1,0.81,0.2,2,2.2,2.7,0.7,0.1,0.9,1.3,6.2
158,Bryn Forbes\forbebr01,SG,27,MIL,64,10,19.5,3.6,7.6,0.466,2.2,4.9,0.446,1.4,2.7,0.503,0.609,0.7,0.9,0.782,0.2,1.4,1.6,0.6,0.3,0,0.6,1,10
159,Trent Forrest\forretr01,PG,22,UTA,23,0,7.9,0.7,1.6,0.459,0.1,0.5,0.25,0.6,1.1,0.56,0.5,0.3,0.3,1,0,0.7,0.7,1.4,0.2,0.1,0.5,0.5,2
160,Evan Fournier\fournev01,SF-SG,28,TOT,36,30,29.6,5.6,12.6,0.445,2.6,6.6,0.389,3,6,0.507,0.547,2.9,3.6,0.794,0.2,2.7,2.9,3.2,1.1,0.4,1.9,2.2,16.7
160,Evan Fournier\fournev01,SF,28,ORL,26,26,30.3,6.5,14.2,0.461,2.8,7.2,0.388,3.7,7,0.536,0.56,3.8,4.7,0.797,0.2,2.7,2.9,3.7,1,0.3,2.1,2.1,19.7
160,Evan Fournier\fournev01,SG,28,BOS,10,4,27.8,3.2,8.5,0.376,2,5.1,0.392,1.2,3.4,0.353,0.494,0.6,0.8,0.75,0.2,2.8,3,1.9,1.4,0.5,1.3,2.5,9
161,De'Aaron Fox\foxde01,PG,23,SAC,58,58,35.1,9.1,19.1,0.477,1.8,5.5,0.322,7.3,13.6,0.539,0.523,5.2,7.2,0.719,0.6,2.9,3.5,7.2,1.5,0.5,3,2.9,25.2
162,Robert Franks\frankro01,PF,24,ORL,7,0,14.4,1.9,4,0.464,0.7,2.1,0.333,1.1,1.9,0.615,0.554,1.7,1.9,0.923,0.9,1.1,2,0.7,0.4,0.4,0.3,1.1,6.1
163,Tim Frazier\fraziti01,PG,30,MEM,3,0,11,0.7,2.7,0.25,0,0.7,0,0.7,2,0.333,0.25,0,0,,0,1.3,1.3,2.3,0.3,0,1,1.3,1.3
164,Markelle Fultz\fultzma01,PG,22,ORL,8,8,26.9,5.1,13,0.394,0.5,2,0.25,4.6,11,0.42,0.413,2.1,2.4,0.895,0.6,2.5,3.1,5.4,1,0.3,2.3,2.3,12.9
165,Wenyen Gabriel\gabriwe01,PF,23,NOP,15,0,7.1,0.5,1.6,0.333,0.3,0.7,0.364,0.3,0.9,0.308,0.417,0.3,0.6,0.556,0.6,0.9,1.5,0.5,0.3,0.2,0.7,0.9,1.7
166,Daniel Gafford\gaffoda01,PF-C,22,TOT,47,11,14.4,2.8,4.1,0.696,0,0,,2.8,4.1,0.696,0.696,1.2,1.9,0.629,1.7,2.5,4.2,0.5,0.5,1.4,0.8,1.8,6.9
166,Daniel Gafford\gaffoda01,PF,22,CHI,31,11,12.4,1.9,2.8,0.69,0,0,,1.9,2.8,0.69,0.69,0.9,1.3,0.659,1.4,1.9,3.3,0.5,0.4,1.1,0.7,1.7,4.7
166,Daniel Gafford\gaffoda01,C,22,WAS,16,0,18.3,4.6,6.5,0.702,0,0,,4.6,6.5,0.702,0.702,1.8,3,0.604,2.1,3.8,5.9,0.4,0.8,2,0.9,1.9,10.9
167,Danilo Gallinari\gallida01,PF,32,ATL,46,4,23.9,4,9.4,0.428,2.2,5.2,0.416,1.9,4.2,0.443,0.543,3.3,3.6,0.933,0.3,3.7,4.1,1.4,0.5,0.2,0.9,2.1,13.5
168,Langston Galloway\gallola01,SG,29,PHO,36,0,10.7,1.6,3.4,0.472,0.9,2,0.451,0.7,1.4,0.5,0.602,0.5,0.5,1,0.1,0.9,1.1,0.7,0.2,0,0.4,0.6,4.6
169,Darius Garland\garlada01,PG,21,CLE,53,50,33.5,6.8,15.1,0.452,2,5,0.394,4.8,10.1,0.48,0.517,2.1,2.5,0.848,0.4,2,2.4,6.2,1.2,0.1,3.1,2.1,17.7
170,Marc Gasol\gasolma01,C,36,LAL,47,42,19.2,1.8,4,0.457,1,2.5,0.405,0.8,1.5,0.543,0.583,0.7,1,0.729,0.8,3.4,4.1,2,0.5,1.2,1.1,2.2,5.4
171,Rudy Gay\gayru01,PF,34,SAS,56,1,21.9,4.3,10,0.423,1.7,4.3,0.39,2.6,5.7,0.449,0.507,1.3,1.6,0.791,0.7,4.2,4.9,1.4,0.7,0.6,1.1,1.9,11.5
172,Paul George\georgpa01,SF,30,LAC,50,50,33.6,8.3,17.7,0.47,3.2,7.6,0.418,5.2,10.1,0.509,0.56,3.8,4.3,0.87,0.8,5.8,6.6,5.2,1.2,0.5,3.3,2.4,23.6
173,Taj Gibson\gibsota01,PF,35,NYK,38,3,20.9,2.2,3.4,0.626,0.1,0.4,0.2,2.1,3.1,0.681,0.637,0.8,1.2,0.689,2.3,3.4,5.6,0.7,0.7,1,0.6,2.2,5.2
174,Harry Giles\gilesha01,C,22,POR,34,0,9.7,1.1,2.6,0.437,0.2,0.6,0.421,0.9,2,0.441,0.483,0.5,0.7,0.667,0.9,2.8,3.7,0.7,0.2,0.3,0.6,1.5,2.9
175,Shai Gilgeous-Alexander\gilgesh01,SG,22,OKC,35,35,33.7,8.2,16.1,0.508,2,4.9,0.418,6.2,11.3,0.547,0.571,5.3,6.5,0.808,0.5,4.2,4.7,5.9,0.8,0.7,3,2,23.7
176,Anthony Gill\gillan01,PF,28,WAS,22,2,7.4,1,1.9,0.548,0.3,0.9,0.3,0.8,1,0.773,0.619,0.2,0.4,0.625,0.6,1.3,1.9,0.5,0.4,0.1,0.3,1,2.6
177,Freddie Gillespie\gillefr01,PF,23,TOR,14,0,15.7,2.3,3.9,0.582,0,0,,2.3,3.9,0.582,0.582,1.1,1.4,0.75,1.7,2.1,3.8,0.4,0.5,0.9,0.4,2,5.6
178,Rudy Gobert\goberru01,C,28,UTA,64,64,30.9,5.6,8.2,0.679,0,0,0,5.6,8.1,0.683,0.679,3.3,5.3,0.62,3.3,10.1,13.4,1.3,0.6,2.8,1.7,2.3,14.4
179,Brandon Goodwin\goodwbr01,PG,25,ATL,45,5,13.5,1.8,4.9,0.37,0.7,2.3,0.304,1.1,2.6,0.427,0.441,0.6,0.9,0.659,0.2,1.3,1.5,2,0.3,0,0.8,0.9,4.9
180,Aaron Gordon\gordoaa01,PF,25,TOT,45,45,28,4.7,10.1,0.463,1.3,3.7,0.345,3.4,6.5,0.529,0.525,2.1,3.2,0.651,1.5,4.3,5.8,3.4,0.6,0.8,2.1,1.9,12.8
180,Aaron Gordon\gordoaa01,PF,25,ORL,25,25,29.4,5.1,11.7,0.437,1.7,4.5,0.375,3.4,7.2,0.475,0.509,2.6,4.2,0.629,1.6,5.1,6.6,4.2,0.6,0.8,2.7,2,14.6
180,Aaron Gordon\gordoaa01,PF,25,DEN,20,20,26.3,4.2,8.2,0.509,0.8,2.7,0.283,3.4,5.5,0.618,0.555,1.5,2.1,0.707,1.5,3.3,4.8,2.4,0.7,0.7,1.3,1.8,10.5
181,Eric Gordon\gordoer01,SG,32,HOU,27,13,29.2,5.9,13.6,0.433,2.6,7.8,0.329,3.3,5.8,0.573,0.527,3.5,4.2,0.825,0.3,1.9,2.1,2.6,0.5,0.5,1.9,1.6,17.8
182,Devonte' Graham\grahade01,PG,25,CHO,51,44,30,4.5,12.1,0.374,3.2,8.6,0.373,1.3,3.5,0.376,0.506,2.3,2.7,0.821,0.4,2.3,2.7,5.4,0.9,0.1,1.6,1.4,14.5
183,Jerami Grant\grantje01,SF,26,DET,53,53,34.1,7.5,17.4,0.428,2.2,6.1,0.354,5.3,11.3,0.469,0.491,5.4,6.4,0.849,0.7,4,4.6,2.8,0.7,1.1,2,2.3,22.5
184,Danny Green\greenda02,SF,33,PHI,63,63,28.2,3.3,7.9,0.416,2.5,6.3,0.406,0.7,1.7,0.452,0.576,0.4,0.6,0.771,0.8,2.9,3.7,1.7,1.4,0.8,1,1.9,9.5
185,Draymond Green\greendr01,PF,30,GSW,58,58,31.2,2.6,5.9,0.437,0.5,2,0.252,2.1,3.9,0.531,0.48,1,1.3,0.773,0.9,6.2,7.1,8.7,1.7,0.8,3,3.2,6.7
186,JaMychal Green\greenja01,PF,30,DEN,51,4,18.8,3,6.4,0.475,1.4,3.4,0.409,1.7,3,0.548,0.583,0.8,0.9,0.833,1.5,3.5,4.9,0.8,0.5,0.4,0.9,2.5,8.2
187,Javonte Green\greenja02,SG-PG,27,TOT,34,2,11.5,1.3,2.4,0.518,0.2,0.7,0.304,1.1,1.8,0.6,0.56,0.7,1,0.697,0.7,1.1,1.8,0.4,0.6,0.1,0.5,1.1,3.4
187,Javonte Green\greenja02,SG,27,BOS,25,2,13.8,1.6,2.8,0.549,0.3,0.9,0.318,1.3,2,0.653,0.599,0.8,1.2,0.667,0.8,1.3,2.1,0.4,0.7,0.1,0.5,1.3,4.2
187,Javonte Green\greenja02,PG,27,CHI,9,0,5.2,0.4,1.3,0.333,0,0.1,0,0.4,1.2,0.364,0.333,0.3,0.3,1,0.3,0.8,1.1,0.2,0.3,0.2,0.4,0.4,1.2
188,Jeff Green\greenje02,C,34,BRK,62,38,27.5,3.7,7.8,0.478,1.4,3.6,0.39,2.3,4.2,0.554,0.569,1.9,2.4,0.772,0.5,3.5,4,1.7,0.6,0.4,0.8,1.8,10.7
189,Josh Green\greenjo02,SG,20,DAL,33,5,10.8,0.9,2.2,0.431,0.1,0.6,0.143,0.8,1.5,0.549,0.451,0.3,0.5,0.647,0.7,1.2,1.9,0.6,0.4,0.1,0.5,0.7,2.3
190,Blake Griffin\griffbl01,PF,31,TOT,40,24,26.2,3.7,9,0.41,1.5,4.6,0.332,2.2,4.4,0.492,0.494,2,2.7,0.743,0.7,4.4,5,3.1,0.7,0.4,1.5,2.5,11
190,Blake Griffin\griffbl01,PF,31,DET,20,20,31.3,4.1,11.1,0.365,2,6.2,0.315,2.1,4.9,0.429,0.453,2.2,3.1,0.71,0.4,4.9,5.2,3.9,0.7,0.1,1.6,2.1,12.3
190,Blake Griffin\griffbl01,PF,31,BRK,20,4,21,3.4,7,0.482,1.1,3,0.367,2.3,4,0.57,0.561,1.9,2.4,0.787,1,3.9,4.9,2.3,0.7,0.6,1.3,2.9,9.7
191,Kyle Guy\guyky01,PG,23,SAC,26,0,7.2,1,2.7,0.357,0.4,1.5,0.263,0.6,1.2,0.469,0.429,0.5,0.6,0.875,0.2,0.8,1,0.9,0.2,0,0.3,0.6,2.8
192,Rui Hachimura\hachiru01,PF,22,WAS,52,52,31.5,5.3,11.1,0.478,0.8,2.4,0.331,4.5,8.7,0.518,0.513,2.3,3,0.772,0.9,4.7,5.5,1.5,0.8,0.1,1.3,2.1,13.8
193,Ashton Hagans\haganas01,PG,21,MIN,2,0,2,0,0,,0,0,,0,0,,,0,0,,0,0,0,0,0,0,0.5,0,0
194,Tyrese Haliburton\halibty01,PG,20,SAC,58,20,30.1,5,10.7,0.472,2.1,5.1,0.409,2.9,5.6,0.529,0.569,0.8,1,0.857,0.7,2.3,3,5.3,1.3,0.5,1.6,1.4,13
195,Donta Hall\halldo01,PF,23,ORL,8,0,11.5,1.1,1.8,0.643,0,0,,1.1,1.8,0.643,0.643,0.9,1.5,0.583,1.8,2.6,4.4,0.9,0.5,0.8,0.4,1,3.1
196,Josh Hall\halljo01,SF,20,OKC,17,0,13.4,0.9,3.5,0.25,0.2,1.4,0.125,0.7,2.1,0.333,0.275,1.1,1.9,0.545,0.3,2,2.3,1.3,0.1,0.1,1.1,1.4,3
197,R.J. Hampton\hamptrj01,PG-SG,19,TOT,45,1,15.8,2.2,5.2,0.429,0.4,1.5,0.29,1.8,3.6,0.488,0.472,0.9,1.3,0.702,0.5,2.5,3,1.3,0.5,0.2,0.9,1.2,5.8
197,R.J. Hampton\hamptrj01,PG,19,DEN,25,0,9.3,1,2.4,0.417,0.2,0.7,0.278,0.8,1.7,0.476,0.458,0.4,0.5,0.75,0.4,1.6,2,0.6,0.2,0.1,0.4,0.9,2.6
197,R.J. Hampton\hamptrj01,SG,19,ORL,20,1,24,3.8,8.7,0.434,0.8,2.6,0.294,3,6.1,0.492,0.477,1.6,2.3,0.689,0.6,3.7,4.3,2.2,0.8,0.4,1.6,1.6,9.8
198,Tim Hardaway Jr.\hardati02,SG,28,DAL,63,24,28.3,5.7,13,0.44,2.9,7.5,0.388,2.8,5.5,0.51,0.552,1.9,2.4,0.796,0.3,3,3.3,1.7,0.4,0.2,0.9,1.6,16.3
199,James Harden\hardeja01,PG-SG,31,TOT,42,42,37.1,8,17.2,0.463,2.8,7.8,0.358,5.2,9.4,0.549,0.544,6.5,7.5,0.87,0.8,7.2,8,10.9,1.2,0.7,4.1,2.3,25.2
199,James Harden\hardeja01,SG,31,HOU,8,8,36.3,7.5,16.9,0.444,3.1,9,0.347,4.4,7.9,0.556,0.537,6.6,7.5,0.883,0.6,4.5,5.1,10.4,0.9,0.8,4.3,1.8,24.8
199,James Harden\hardeja01,PG,31,BRK,34,34,37.3,8.1,17.3,0.467,2.7,7.5,0.361,5.4,9.8,0.548,0.545,6.5,7.5,0.867,0.9,7.8,8.7,11,1.3,0.7,4.1,2.4,25.4
200,Maurice Harkless\harklma01,PF-SF,27,TOT,31,17,19.4,1.6,3.8,0.419,0.5,2,0.262,1.1,1.8,0.589,0.487,0.8,1,0.8,0.4,1.8,2.1,0.9,0.7,0.5,0.6,2.2,4.5
200,Maurice Harkless\harklma01,SF,27,MIA,11,3,11.3,0.5,1.2,0.385,0.5,1,0.455,0,0.2,0,0.577,0,0.2,0,0.2,1,1.2,0.6,0.2,0.4,0.3,1.3,1.4
200,Maurice Harkless\harklma01,PF,27,SAC,20,14,23.9,2.2,5.2,0.423,0.6,2.5,0.22,1.7,2.7,0.611,0.476,1.2,1.4,0.857,0.5,2.2,2.7,1.1,1,0.7,0.8,2.8,6.2
201,Jared Harper\harpeja01,PG,23,NYK,6,0,2.2,0,0.7,0,0,0.2,0,0,0.5,0,0,0.3,0.3,1,0,0.2,0.2,0,0,0,0.3,0.2,0.3
202,Montrezl Harrell\harremo01,C,27,LAL,64,1,23.4,5.5,8.8,0.627,0,0.2,0,5.5,8.7,0.638,0.627,2.6,3.7,0.711,2.3,4,6.4,1.1,0.7,0.8,1.1,1.9,13.7
203,Gary Harris\harriga01,SG,26,TOT,32,31,28.9,3.6,9,0.404,1.3,3.6,0.345,2.4,5.3,0.444,0.474,1.8,2.3,0.806,0.5,1.7,2.2,2.1,0.8,0.3,0.9,2,10.3
203,Gary Harris\harriga01,SG,26,DEN,19,19,30.6,3.6,8.2,0.442,1.3,3.9,0.32,2.4,4.3,0.556,0.519,1.2,1.6,0.733,0.7,1.8,2.5,1.7,0.9,0.2,0.7,1.9,9.7
203,Gary Harris\harriga01,SG,26,ORL,13,12,26.5,3.6,10.1,0.359,1.2,3.2,0.39,2.4,6.9,0.344,0.42,2.8,3.2,0.857,0.3,1.5,1.8,2.8,0.7,0.4,1.2,2.2,11.2
204,Jalen Harris\harrija01,SG,22,TOR,8,0,5.6,0.9,1.9,0.467,0.8,1,0.75,0.1,0.9,0.143,0.667,0,0,,0.3,0.5,0.8,0.6,0.4,0,0.4,0.6,2.5
205,Joe Harris\harrijo01,SF,29,BRK,66,62,30.9,5.2,10.2,0.509,3.1,6.5,0.48,2.1,3.8,0.558,0.661,0.7,0.9,0.77,0.6,2.9,3.5,1.9,0.7,0.2,0.9,2,14.2
206,Tobias Harris\harrito02,PF,28,PHI,56,56,32.7,7.7,14.8,0.52,1.3,3.3,0.401,6.4,11.5,0.554,0.565,2.9,3.3,0.891,1,6,7,3.6,0.9,0.9,1.8,2,19.7
207,Shaquille Harrison\harrish01,SG,27,TOT,27,0,7.3,0.7,1.9,0.4,0.1,0.2,0.333,0.7,1.6,0.409,0.42,0.5,0.6,0.813,0.2,0.8,1,0.5,0.4,0.1,0.3,0.7,2
207,Shaquille Harrison\harrish01,SG,27,UTA,17,0,3.3,0.4,1.2,0.3,0,0.1,0,0.4,1.1,0.333,0.3,0.3,0.4,0.833,0.2,0.4,0.5,0.5,0.1,0,0.3,0.2,1
207,Shaquille Harrison\harrish01,SG,27,DEN,10,0,14.2,1.4,3,0.467,0.2,0.4,0.5,1.2,2.6,0.462,0.5,0.8,1,0.8,0.2,1.6,1.8,0.5,1,0.3,0.3,1.5,3.8
208,Josh Hart\hartjo01,SF,25,NOP,47,4,28.7,3.2,7.3,0.439,1.3,4.1,0.326,1.9,3.2,0.583,0.531,1.5,1.9,0.775,1.1,6.9,8,2.3,0.8,0.3,1,2.4,9.2
209,Isaiah Hartenstein\harteis01,C,22,TOT,44,2,12.1,2,3.6,0.57,0,0.1,0.4,2,3.5,0.575,0.576,1,1.6,0.638,1.4,2.6,4,1.1,0.4,0.9,1,2.3,5.1
209,Isaiah Hartenstein\harteis01,C,22,DEN,30,0,9.1,1.4,2.7,0.513,0,0,,1.4,2.7,0.513,0.513,0.7,1.2,0.611,1.3,1.5,2.8,0.5,0.4,0.7,0.7,2,3.5
209,Isaiah Hartenstein\harteis01,C,22,CLE,14,2,18.6,3.5,5.6,0.628,0.1,0.4,0.4,3.4,5.2,0.644,0.641,1.6,2.4,0.667,1.6,4.9,6.6,2.4,0.5,1.3,1.5,2.9,8.7
210,Jaxson Hayes\hayesja02,C,20,NOP,54,3,15.3,2.6,3.9,0.656,0.1,0.1,0.429,2.5,3.8,0.663,0.663,1.4,1.7,0.787,1.4,2.7,4,0.5,0.4,0.5,0.7,1.7,6.6
211,Killian Hayes\hayeski01,PG,19,DET,21,14,24.1,2.3,7,0.331,0.6,2.3,0.245,1.8,4.7,0.374,0.372,0.5,0.6,0.769,0.2,2.2,2.5,5,1.2,0.4,3.1,2.1,5.7
212,Gordon Hayward\haywago01,SF,30,CHO,44,44,34,7.1,15,0.473,1.9,4.7,0.415,5.1,10.3,0.499,0.537,3.5,4.2,0.843,0.8,5,5.9,4.1,1.2,0.3,2.1,1.7,19.6
213,Juan Hernangómez\hernaju01,PF,25,MIN,46,6,17.2,2.6,5.7,0.455,1.1,3.2,0.342,1.5,2.6,0.593,0.549,1.2,1.9,0.64,0.9,3.1,4,0.7,0.4,0.2,0.5,0.9,7.5
214,Willy Hernangómez\hernawi01,C,26,NOP,41,6,17,2.9,5.1,0.569,0,0.2,0.1,2.9,4.9,0.592,0.571,1.2,1.7,0.686,2.3,4.2,6.6,0.9,0.4,0.5,0.6,1.3,7
215,Tyler Herro\herroty01,SG,21,MIA,48,14,30.7,5.6,13.1,0.427,1.9,5.5,0.344,3.7,7.6,0.488,0.499,1.9,2.3,0.809,0.5,4.4,4.9,3.4,0.7,0.4,1.9,1.3,14.9
216,Buddy Hield\hieldbu01,SG,28,SAC,64,64,34.4,5.7,14,0.405,4,10.2,0.393,1.7,3.8,0.439,0.548,1.3,1.5,0.848,0.4,4.3,4.7,3.3,0.9,0.4,1.7,2.5,16.7
217,George Hill\hillge01,PG,34,TOT,23,16,23.3,3.4,7,0.484,1.1,2.9,0.373,2.3,4.1,0.564,0.562,1.4,1.8,0.78,0.7,1.7,2.3,2.5,0.7,0.2,1,0.8,9.3
217,George Hill\hillge01,PG,34,OKC,14,14,26.4,4.4,8.6,0.508,1.6,4.1,0.386,2.8,4.5,0.619,0.6,1.5,1.8,0.84,0.6,1.5,2.1,3.1,0.9,0.1,0.9,0.9,11.8
217,George Hill\hillge01,PG,34,PHI,9,2,18.6,1.9,4.6,0.415,0.3,1.1,0.3,1.6,3.4,0.452,0.451,1.2,1.8,0.688,0.8,1.9,2.7,1.7,0.3,0.3,1.3,0.8,5.3
218,Solomon Hill\hillso01,PF,29,ATL,65,14,21.7,1.6,4.4,0.364,1,3.1,0.323,0.6,1.3,0.459,0.477,0.5,0.6,0.762,0.6,2.4,3,1,0.7,0.2,0.6,1.7,4.7
219,Nate Hinton\hintona01,SG,21,DAL,16,0,3.6,0.6,1.4,0.391,0.1,0.5,0.125,0.5,0.9,0.533,0.413,0.3,0.4,0.667,0.1,0.3,0.4,0.3,0.3,0.1,0.3,0.2,1.4
220,Jaylen Hoard\hoardja01,SF,21,OKC,13,0,16.3,2.1,4.5,0.466,0,0.5,0,2.1,4,0.519,0.466,1.5,2.2,0.655,1.3,2.3,3.6,0.9,0.6,0.2,1.2,1.3,5.6
221,Aaron Holiday\holidaa01,PG,24,IND,62,6,17.4,2.6,6.5,0.394,1,2.8,0.378,1.5,3.8,0.406,0.474,1,1.2,0.818,0.2,1.1,1.3,1.7,0.7,0.2,1,1.4,7.2
222,Jrue Holiday\holidjr01,PG,30,MIL,53,50,32.2,6.9,13.7,0.506,1.8,4.7,0.394,5.1,9,0.564,0.573,1.7,2.2,0.776,1.3,3.3,4.6,5.9,1.7,0.6,2.2,1.7,17.4
223,Justin Holiday\holidju01,SG,31,IND,64,48,30.5,3.5,8.7,0.405,2.4,6.3,0.374,1.2,2.4,0.487,0.541,0.9,1.2,0.784,0.5,3.1,3.5,1.7,1.1,0.5,0.8,1.9,10.3
224,Rondae Hollis-Jefferson\holliro01,PF,26,POR,8,1,10.8,0.8,1.8,0.429,0,0.1,0,0.8,1.6,0.462,0.429,1.1,1.8,0.643,1.3,1.1,2.4,1.3,0.3,0.5,0.3,1.8,2.6
225,Richaun Holmes\holmeri01,C,27,SAC,56,56,29.6,6.1,9.5,0.641,0,0.2,0.182,6.1,9.3,0.651,0.643,2.3,2.9,0.789,2.5,6.1,8.6,1.6,0.6,1.6,1.3,3.5,14.5
226,Rodney Hood\hoodro01,SF,28,TOT,53,5,17.3,1.7,4.8,0.361,0.6,2.1,0.306,1.1,2.7,0.403,0.427,0.4,0.5,0.852,0.4,1.4,1.8,1,0.4,0.1,0.7,1.4,4.5
226,Rodney Hood\hoodro01,SF,28,POR,38,5,19.1,1.9,5.3,0.363,0.7,2.2,0.298,1.3,3.1,0.41,0.425,0.2,0.3,0.75,0.5,1.4,1.9,1.2,0.5,0.1,0.8,1.6,4.7
226,Rodney Hood\hoodro01,SF,28,TOR,15,0,12.7,1.3,3.6,0.352,0.6,1.8,0.333,0.7,1.8,0.37,0.435,0.9,1,0.933,0.3,1.3,1.6,0.4,0.2,0.2,0.3,0.9,4.1
227,Al Horford\horfoal01,C,34,OKC,28,28,27.9,5.8,12.9,0.45,2,5.4,0.368,3.8,7.4,0.51,0.528,0.6,0.8,0.818,1,5.7,6.7,3.4,0.9,0.9,1,1.7,14.2
228,Talen Horton-Tucker\hortota01,SG,20,LAL,60,3,19.6,3.4,7.4,0.455,0.5,2,0.258,2.9,5.4,0.528,0.49,1.5,1.9,0.786,0.4,2.3,2.6,2.6,0.9,0.3,1.5,2,8.8
229,Danuel House\houseda01,SF,27,HOU,33,22,26.8,3.1,7.6,0.406,1.5,4.4,0.354,1.5,3.2,0.477,0.508,1.2,1.8,0.661,0.5,3.2,3.8,1.8,0.6,0.5,0.9,1.9,8.9
230,Dwight Howard\howardw01,C,35,PHI,63,5,17.3,2.5,4.4,0.582,0.1,0.3,0.222,2.5,4.1,0.607,0.589,1.8,3.1,0.577,2.7,5.6,8.4,0.8,0.4,0.9,1.6,2.9,6.9
231,Markus Howard\howarma02,SG,21,DEN,31,0,3.3,0.4,1.7,0.25,0.2,1.2,0.162,0.2,0.5,0.467,0.308,0,0.1,0.5,0,0.4,0.4,0.4,0.1,0,0.3,0.5,1.1
232,Kevin Huerter\huertke01,SG,22,ATL,64,47,31,4.6,10.7,0.435,2,5.6,0.364,2.6,5,0.514,0.531,0.8,1,0.79,0.5,2.8,3.3,3.5,1.2,0.3,1.2,2.4,12.1
233,Elijah Hughes\hugheel01,SF,22,UTA,16,0,3.5,0.5,1.7,0.296,0.4,1.3,0.286,0.1,0.4,0.333,0.407,0.2,0.3,0.75,0,0.4,0.4,0.3,0.1,0.1,0.4,0.1,1.6
234,De'Andre Hunter\huntede01,SF,23,ATL,20,18,31.3,5.6,11.2,0.502,1.6,4.4,0.356,4.1,6.8,0.596,0.572,3.3,3.8,0.867,0.8,4.3,5.1,2.1,0.9,0.5,1.4,2.7,16
235,Chandler Hutchison\hutchch01,SF,24,TOT,18,0,13.7,1.7,4.3,0.397,0.3,0.9,0.313,1.4,3.4,0.419,0.429,0.7,0.8,0.867,0.3,2.9,3.2,0.8,0.4,0.1,0.9,1.3,4.4
235,Chandler Hutchison\hutchch01,SF,24,CHI,7,0,9.1,0.7,2.6,0.278,0.1,0.4,0.333,0.6,2.1,0.267,0.306,0.3,0.3,1,0.1,2.7,2.9,0.6,0.1,0,0.7,1.3,1.9
235,Chandler Hutchison\hutchch01,SF,24,WAS,11,0,16.5,2.4,5.5,0.433,0.4,1.2,0.308,2,4.3,0.468,0.467,1,1.2,0.846,0.4,3.1,3.5,1,0.6,0.1,1,1.3,6.1
236,Serge Ibaka\ibakase01,C,31,LAC,39,39,23.6,4.5,8.9,0.507,1,2.8,0.352,3.5,6.1,0.577,0.562,0.9,1.2,0.822,1.7,4.9,6.7,1.7,0.2,1.2,1.1,1.9,10.9
237,Andre Iguodala\iguodan01,SF,37,MIA,58,5,21.4,1.5,4.1,0.377,1,3,0.335,0.5,1,0.5,0.502,0.4,0.6,0.667,0.6,3,3.6,2.2,1,0.6,1,1.4,4.5
238,Ersan İlyasova\ilyaser01,PF,33,UTA,14,1,9.2,1.4,3.1,0.455,1.2,2.6,0.472,0.2,0.6,0.375,0.648,0.2,0.2,1,0.4,1.5,1.9,0.2,0.7,0.2,0.4,1.6,4.3
239,Joe Ingles\inglejo01,SF,33,UTA,60,23,27.6,4.2,8.3,0.503,2.8,6,0.469,1.4,2.3,0.591,0.673,1.1,1.4,0.84,0.5,3.2,3.6,4.6,0.7,0.2,1.7,1.8,12.3
240,Brandon Ingram\ingrabr01,SF,23,NOP,61,61,34.3,8.4,18,0.466,2.3,6.1,0.381,6.1,11.9,0.51,0.531,4.6,5.2,0.878,0.6,4.3,4.9,4.9,0.7,0.6,2.5,2,23.8
241,Kyrie Irving\irvinky01,PG,28,BRK,49,49,35.3,10.2,20.4,0.5,2.7,7,0.385,7.5,13.4,0.561,0.566,3.9,4.2,0.922,1.1,3.9,4.9,6.3,1.4,0.6,2.5,2.6,27
242,Wesley Iwundu\iwundwe01,SF,26,TOT,37,4,13,0.8,2.4,0.344,0.1,1.1,0.128,0.7,1.4,0.51,0.372,0.6,0.8,0.828,0.3,1.8,2.1,0.4,0.4,0.1,0.5,1.2,2.5
242,Wesley Iwundu\iwundwe01,SF,26,DAL,23,3,12.5,0.7,2.3,0.327,0.1,1,0.13,0.6,1.3,0.483,0.356,0.5,0.6,0.857,0.3,1.7,1.9,0.4,0.4,0.1,0.3,1.1,2.1
242,Wesley Iwundu\iwundwe01,SF,26,NOP,14,1,13.7,1,2.7,0.368,0.1,1.1,0.125,0.9,1.6,0.545,0.395,0.9,1.1,0.8,0.4,2.1,2.5,0.4,0.4,0.1,0.8,1.4,3
243,Frank Jackson\jacksfr01,PG,22,DET,37,4,18.4,3.4,7.4,0.46,1.6,3.9,0.406,1.8,3.5,0.519,0.566,1.5,1.9,0.812,0.4,1.8,2.2,0.9,0.3,0,0.9,1.3,9.9
244,Jaren Jackson Jr.\jacksja02,C,21,MEM,6,0,21.5,4.7,10.7,0.438,1,4.5,0.222,3.7,6.2,0.595,0.484,3.5,4.5,0.778,1.2,4.3,5.5,0.8,0.2,1.5,1,4,13.8
245,Josh Jackson\jacksjo02,SG,23,DET,59,23,25.1,4.8,11.4,0.422,1.2,4.1,0.301,3.6,7.4,0.488,0.475,2.5,3.5,0.727,0.9,3.1,4,2.2,0.8,0.7,2.2,2.8,13.4
246,Justin Jackson\jacksju01,SF,25,OKC,33,3,16.5,2.6,6.4,0.406,1,3.4,0.306,1.6,3.1,0.515,0.486,0.9,1.1,0.857,0.4,1.7,2.2,1.5,0.5,0.1,0.9,0.9,7.2
247,Reggie Jackson\jacksre01,SG,30,LAC,62,40,23.1,3.9,8.8,0.448,1.8,4,0.438,2.2,4.7,0.456,0.549,1,1.3,0.81,0.4,2.5,2.9,3.2,0.6,0.1,1.1,2,10.7
248,Justin James\jamesju01,SF,24,SAC,30,0,7.1,1,2.1,0.453,0.3,0.9,0.308,0.7,1.3,0.553,0.516,0.4,0.7,0.5,0.1,0.4,0.5,0.5,0.1,0,0.3,0.5,2.6
249,LeBron James\jamesle01,PG,36,LAL,43,43,33.7,9.3,18.1,0.513,2.3,6.4,0.366,7,11.7,0.594,0.578,4.1,5.8,0.701,0.6,7.3,7.9,7.8,1,0.6,3.8,1.6,25
250,Mike James\jamesmi02,PG,30,BRK,7,0,16.1,2.4,6.1,0.395,0.7,2,0.357,1.7,4.1,0.414,0.453,1.1,1.7,0.667,0.4,1.1,1.6,3.6,0.1,0,1.3,0.4,6.7
251,DaQuan Jeffries\jeffrda01,SG,23,TOT,27,2,13.5,1.3,3.3,0.398,0.6,1.8,0.306,0.7,1.4,0.513,0.483,0.2,0.3,0.857,0.6,1.3,1.9,0.4,0.4,0.4,0.4,1.3,3.4
251,DaQuan Jeffries\jeffrda01,SG,23,SAC,18,2,12.9,1.3,3.2,0.421,0.5,1.6,0.321,0.8,1.6,0.517,0.5,0.3,0.4,0.857,0.5,1.1,1.6,0.3,0.4,0.2,0.4,1.3,3.5
251,DaQuan Jeffries\jeffrda01,SG,23,HOU,9,0,14.7,1.2,3.4,0.355,0.7,2.3,0.286,0.6,1.1,0.5,0.452,0,0,,0.9,1.7,2.6,0.7,0.3,0.7,0.2,1.3,3.1
252,Ty Jerome\jeromty01,SG,23,OKC,32,1,23.9,3.8,8.5,0.44,2.1,5.1,0.42,1.6,3.5,0.468,0.564,0.7,0.9,0.733,0.3,2.4,2.7,3.7,0.6,0.2,1.5,1.8,10.3
253,Isaiah Joe\joeis01,SG,21,PHI,35,1,8.9,1,3,0.33,0.8,2.4,0.337,0.2,0.7,0.304,0.462,0.4,0.5,0.722,0.2,0.7,0.9,0.5,0.3,0.1,0.3,0.8,3.2
254,Alize Johnson\johnsal02,PF,24,BRK,15,0,12.1,2.6,4.3,0.6,0.1,0.4,0.167,2.5,3.9,0.644,0.608,0.9,0.9,1,1.7,4.2,5.9,0.9,0.3,0.3,0.6,1,6.1
255,Cameron Johnson\johnsca02,PF,24,PHO,59,11,24,3.4,8,0.426,2,5.6,0.356,1.4,2.5,0.586,0.55,0.8,1,0.847,0.5,2.8,3.3,1.5,0.6,0.3,0.7,1.4,9.7
256,James Johnson\johnsja01,PF,33,TOT,45,6,19.8,2.7,6.1,0.436,0.6,2.4,0.25,2.1,3.7,0.557,0.485,0.8,1.3,0.617,0.6,2.7,3.3,1.9,0.8,0.9,1.1,2.4,6.8
256,James Johnson\johnsja01,PF,33,DAL,29,1,17.4,2.3,5,0.462,0.5,2.1,0.25,1.8,2.9,0.612,0.514,0.6,1,0.586,0.5,2.5,3,1.7,0.8,0.8,0.9,2,5.7
256,James Johnson\johnsja01,PF,33,NOP,16,5,24.3,3.3,8.1,0.408,0.8,3,0.25,2.6,5.1,0.5,0.454,1.3,1.9,0.645,0.8,3.1,3.9,2.1,0.9,1.1,1.3,3,8.6
257,Keldon Johnson\johnske04,SF,21,SAS,61,59,29,5,10.3,0.482,0.9,2.6,0.34,4.1,7.7,0.53,0.525,2,2.8,0.725,1.4,4.9,6.3,1.8,0.6,0.4,1.1,2.1,12.9
258,Stanley Johnson\johnsst04,PF,24,TOR,55,8,14.9,1.1,3,0.377,0.6,1.8,0.327,0.5,1.2,0.455,0.476,0.5,0.5,0.833,0.4,1.8,2.3,1.2,0.8,0.3,0.8,1.8,3.3
259,Tyler Johnson\johnsty01,SG,28,BRK,36,3,17.4,1.8,4.7,0.388,1.3,3.4,0.363,0.6,1.3,0.457,0.521,0.5,0.6,0.857,0.2,1.8,1.9,1.1,0.4,0,0.4,1,5.4
260,Nikola Jokić\jokicni01,C,25,DEN,65,65,35,10.2,18.2,0.564,1.4,3.4,0.409,8.9,14.8,0.6,0.603,4.4,5.2,0.86,2.8,8.1,10.9,8.5,1.4,0.7,3.1,2.6,26.3
261,Damian Jones\jonesda03,C,25,TOT,32,8,11.8,1.3,1.8,0.729,0,0,0,1.3,1.8,0.741,0.729,1,1.3,0.762,0.8,1.6,2.4,0.5,0.3,0.5,0.6,1.9,3.7
261,Damian Jones\jonesda03,C,25,PHO,14,0,6.7,0.6,1.1,0.5,0,0.1,0,0.6,1.1,0.533,0.5,0.4,0.8,0.545,0.5,0.8,1.3,0.3,0.1,0.4,0.4,1.4,1.6
261,Damian Jones\jonesda03,C,25,LAL,8,6,14,2,2.1,0.941,0,0,,2,2.1,0.941,0.941,1.4,1.5,0.917,1,2.3,3.3,0.1,0.1,0.9,0.6,2.8,5.4
261,Damian Jones\jonesda03,C,25,SAC,10,2,17.1,1.9,2.6,0.731,0,0,,1.9,2.6,0.731,0.731,1.5,1.9,0.789,1,2.2,3.2,1.1,0.6,0.4,0.7,1.9,5.3
262,Derrick Jones Jr.\jonesde02,SF,23,POR,55,42,23.1,2.5,5.3,0.478,0.8,2.4,0.323,1.8,2.9,0.606,0.551,1,1.6,0.64,1.4,2.3,3.7,0.8,0.7,1,0.5,2.2,6.9
263,Mason Jones\jonesma05,SG,22,TOT,32,1,10.4,1.6,3.8,0.423,0.8,2.1,0.364,0.9,1.8,0.491,0.52,1.3,2,0.625,0.2,1.5,1.7,1.3,0.2,0,0.9,0.8,5.3
263,Mason Jones\jonesma05,SG,22,HOU,26,1,11.8,1.8,4.4,0.412,0.9,2.5,0.359,0.9,1.9,0.48,0.513,1.3,2.2,0.614,0.2,1.8,2,1.5,0.2,0,1.1,0.8,5.8
263,Mason Jones\jonesma05,SG,22,PHI,6,0,4.5,0.8,1.5,0.556,0.2,0.3,0.5,0.7,1.2,0.571,0.611,0.8,1.2,0.714,0.5,0.2,0.7,0.5,0.2,0,0.2,0.3,2.7
264,Tre Jones\jonestr01,PG,21,SAS,31,1,5.8,0.8,1.7,0.444,0.1,0.1,0.667,0.7,1.6,0.431,0.463,0.3,0.3,1,0.2,0.3,0.5,0.7,0.2,0,0.4,0.3,1.9
265,Tyus Jones\jonesty01,PG,24,MEM,62,8,18,2.7,6.2,0.435,0.7,2.1,0.318,2,4.1,0.496,0.49,0.6,0.7,0.902,0.3,1.7,2,3.8,1,0.1,0.7,0.5,6.7
266,DeAndre Jordan\jordade01,C,32,BRK,56,43,22.2,3.4,4.4,0.763,0,0,0,3.4,4.4,0.766,0.763,0.8,1.6,0.5,2.1,5.5,7.6,1.6,0.3,1.2,1.5,2.1,7.6
267,Cory Joseph\josepco01,PG,29,TOT,60,10,22.7,3.1,6.5,0.469,0.7,2.1,0.344,2.4,4.5,0.528,0.524,1.2,1.4,0.812,0.6,1.9,2.5,3.2,1,0.3,1.2,2.2,8
267,Cory Joseph\josepco01,PG,29,SAC,44,2,21.5,2.5,5.7,0.444,0.7,2.1,0.33,1.8,3.5,0.513,0.506,0.8,1.1,0.766,0.6,1.7,2.3,2.5,0.9,0.2,1,2.2,6.6
267,Cory Joseph\josepco01,PG,29,DET,16,8,26.1,4.6,8.9,0.514,0.8,1.9,0.387,3.8,6.9,0.55,0.556,2.1,2.4,0.868,0.5,2.6,3.1,5.4,1.2,0.4,1.8,2.1,11.9
268,Mfiondu Kabengele\kabenmf01,PF,23,TOT,32,0,5.5,0.6,1.6,0.373,0.3,0.9,0.3,0.3,0.7,0.476,0.461,0.3,0.3,0.818,0.1,0.8,0.9,0.4,0.2,0.2,0.3,0.9,1.8
268,Mfiondu Kabengele\kabenmf01,PF,23,LAC,23,0,4.1,0.4,1.4,0.281,0.2,0.8,0.222,0.2,0.6,0.357,0.344,0.2,0.3,0.833,0,0.6,0.6,0.2,0.1,0.1,0.3,0.8,1.2
268,Mfiondu Kabengele\kabenmf01,PF,23,CLE,9,0,9.2,1.1,2.1,0.526,0.6,1.3,0.417,0.6,0.8,0.714,0.658,0.4,0.6,0.8,0.2,1.3,1.6,0.8,0.4,0.4,0.4,1.2,3.2
269,Frank Kaminsky\kaminfr01,C,27,PHO,40,13,14.6,2.6,5.3,0.481,0.7,1.9,0.373,1.9,3.4,0.54,0.547,0.7,1.2,0.583,0.7,3,3.7,1.5,0.3,0.4,0.4,1.3,6.5
270,Enes Kanter\kanteen01,C,28,POR,65,35,25,4.8,8,0.604,0,0,0,4.8,8,0.605,0.604,1.8,2.3,0.78,4,7.1,11.2,1.2,0.5,0.7,1.1,2.4,11.4
271,Luke Kennard\kennalu01,SG,24,LAC,58,15,19.6,3.1,6.4,0.479,1.6,3.5,0.46,1.5,3,0.5,0.603,0.4,0.5,0.828,0.2,2.4,2.7,1.7,0.3,0.2,0.8,1.5,8.2
272,Maxi Kleber\klebima01,PF,29,DAL,48,40,27.3,2.4,5.5,0.425,1.8,4.3,0.415,0.6,1.3,0.459,0.585,0.7,0.8,0.919,0.9,4.3,5.2,1.3,0.5,0.7,0.6,2.2,7.2
273,Nathan Knight\knighna01,PF,23,ATL,30,0,8.1,1,2.8,0.353,0.2,0.9,0.179,0.8,1.9,0.439,0.382,1.4,1.6,0.837,0.8,1.2,2,0.2,0.3,0.2,0.5,0.7,3.5
274,Kevin Knox\knoxke01,SF,21,NYK,40,0,11.4,1.4,3.5,0.39,0.9,2.2,0.386,0.5,1.3,0.396,0.511,0.4,0.5,0.8,0.3,1.3,1.5,0.5,0.3,0.2,0.4,0.9,4
275,John Konchar\konchjo01,SG,24,MEM,37,0,13.1,1.3,2.9,0.449,0.4,1.1,0.357,0.9,1.8,0.508,0.519,0.5,0.6,0.833,0.7,2,2.8,1.1,0.8,0.2,0.5,0.9,3.5
276,Furkan Korkmaz\korkmfu01,SG,23,PHI,52,10,19.3,3.1,7.7,0.408,1.9,4.8,0.385,1.3,2.8,0.446,0.529,1.1,1.6,0.728,0.3,1.8,2,1.4,0.9,0.2,0.8,1.2,9.3
277,Luke Kornet\kornelu01,PF-C,25,TOT,25,0,9.8,1.2,2.9,0.417,0.5,1.9,0.277,0.7,1,0.68,0.507,0.1,0.2,0.5,0.4,1.6,2,0.7,0.1,0.8,0.2,0.4,3
277,Luke Kornet\kornelu01,PF,25,CHI,13,0,7.2,0.7,2.1,0.333,0.5,1.8,0.261,0.2,0.3,0.75,0.444,0.2,0.3,0.5,0.1,1.1,1.2,0.3,0.2,0.5,0.1,0.1,2
277,Luke Kornet\kornelu01,C,25,BOS,12,0,12.6,1.8,3.8,0.467,0.6,2,0.292,1.2,1.8,0.667,0.544,0.1,0.2,0.5,0.7,2.2,2.8,1.2,0,1.2,0.3,0.8,4.2
278,Rodions Kurucs\kurucro01,SF-PF,22,TOT,21,0,6,0.5,1.5,0.344,0.3,1,0.286,0.2,0.5,0.455,0.438,0.1,0.2,0.75,0.2,0.9,1.1,0.5,0.4,0.2,0.6,0.8,1.5
278,Rodions Kurucs\kurucro01,PF,22,BRK,5,0,3.2,0.2,0.6,0.333,0.2,0.4,0.5,0,0.2,0,0.5,0,0,,0,0.6,0.6,0.4,0,0,0,0.2,0.6
278,Rodions Kurucs\kurucro01,SF,22,HOU,11,0,6.8,0.5,1.9,0.238,0.2,1.4,0.133,0.3,0.5,0.5,0.286,0.1,0.2,0.5,0.2,0.8,1,0.4,0.5,0.4,0.8,0.6,1.2
278,Rodions Kurucs\kurucro01,SF,22,MIL,5,0,6.8,1,1.6,0.625,0.6,0.8,0.75,0.4,0.8,0.5,0.813,0.4,0.4,1,0.6,1.2,1.8,0.8,0.6,0,0.8,1.6,3
279,Kyle Kuzma\kuzmaky01,SF,25,LAL,62,30,28.7,4.9,11.1,0.438,2.1,5.7,0.365,2.8,5.5,0.515,0.531,0.9,1.3,0.687,1.7,4.5,6.2,1.8,0.5,0.6,1.7,1.7,12.7
280,Anthony Lamb\lamban01,SF,23,HOU,17,0,11.5,1.2,3.6,0.328,0.6,2.2,0.27,0.6,1.4,0.417,0.41,0.5,0.5,0.889,0.9,1.1,2.1,0.4,0.1,0.2,0.4,1.1,3.4
281,Jeremy Lamb\lambje01,SG,28,IND,36,8,21.3,3.3,7.7,0.435,1.4,3.6,0.406,1.9,4.1,0.459,0.529,2,2.1,0.947,0.7,2.9,3.6,1.5,0.9,0.6,0.6,2,10.1
282,Romeo Langford\langfro01,SG,21,BOS,14,3,15.4,0.9,2.9,0.317,0.3,1.1,0.267,0.6,1.9,0.346,0.366,0.3,0.3,1,0.8,1.3,2.1,0.6,0.3,0.3,0.6,1.2,2.4
283,Zach LaVine\lavinza01,SG,25,CHI,53,53,35.2,9.8,19.4,0.506,3.4,8.2,0.416,6.4,11.2,0.572,0.594,4.4,5.2,0.848,0.6,4.5,5.1,5.1,0.8,0.5,3.6,2.3,27.5
284,Jake Layman\laymaja01,SF,26,MIN,42,11,14.3,2.1,4.2,0.497,0.5,1.7,0.288,1.6,2.4,0.647,0.557,0.6,0.9,0.703,0.3,1.2,1.5,0.7,0.7,0.4,0.6,1,5.3
285,T.J. Leaf\leaftj01,PF,23,POR,3,0,6,0.7,1,0.667,0,0,,0.7,1,0.667,0.667,0.7,0.7,1,0,0.3,0.3,0,0.3,0.3,0.3,0,2
286,Jalen Lecque\lecquja01,PG,20,IND,4,0,3,0.3,2.3,0.111,0,0.3,0,0.3,2,0.125,0.111,0.8,0.8,1,0.5,0.8,1.3,0.5,0,0,0,0,1.3
287,Damion Lee\leeda03,SG,28,GSW,57,1,18.9,2.2,4.8,0.467,1.4,3.4,0.397,0.9,1.4,0.638,0.608,0.7,0.8,0.909,0.4,2.8,3.2,1.3,0.7,0.1,0.5,1.6,6.5
288,Saben Lee\leesa01,PG,21,DET,42,7,15.5,1.9,4.2,0.449,0.2,0.5,0.4,1.7,3.7,0.455,0.472,1.2,1.8,0.649,0.4,1.6,2,3.5,0.6,0.2,1,1.6,5.1
289,Alex Len\lenal01,C,27,TOT,57,35,15.4,2.8,4.4,0.629,0.1,0.4,0.32,2.6,4,0.664,0.645,1.2,1.9,0.609,1.2,2.8,3.9,0.8,0.3,1,0.9,2,6.9
289,Alex Len\lenal01,C,27,TOR,7,2,10.9,0.7,1.4,0.5,0.4,0.9,0.5,0.3,0.6,0.5,0.65,0.4,0.9,0.5,0,1.6,1.6,0.4,0.1,0.9,1.1,1.4,2.3
289,Alex Len\lenal01,C,27,WAS,50,33,16,3.1,4.8,0.635,0.1,0.4,0.263,3,4.4,0.667,0.645,1.3,2.1,0.615,1.3,2.9,4.2,0.8,0.3,1,0.9,2.1,7.5
290,Kawhi Leonard\leonaka01,SF,29,LAC,48,48,34.3,9.2,17.8,0.516,1.9,4.9,0.397,7.3,12.9,0.561,0.571,4.9,5.6,0.881,1.1,5.4,6.6,5.1,1.6,0.4,2,1.6,25.3
291,Meyers Leonard\leoname01,C,28,MIA,3,2,9.7,1,2.3,0.429,1,2.3,0.429,0,0,,0.643,0.3,0.7,0.5,0,2.3,2.3,0.7,0,0,0.7,1.7,3.3
292,Caris LeVert\leverca01,SG,26,TOT,40,32,30.9,7.5,16.9,0.442,1.8,5.5,0.32,5.7,11.4,0.501,0.494,2.9,3.6,0.799,0.7,3.7,4.5,4.7,1.4,0.6,2,2.2,19.6
292,Caris LeVert\leverca01,SG,26,BRK,12,4,27.8,7.3,16.7,0.435,1.8,5.3,0.349,5.4,11.4,0.474,0.49,2.2,2.8,0.765,0.8,3.5,4.3,6,1.1,0.5,2.2,1.7,18.5
292,Caris LeVert\leverca01,SG,26,IND,28,28,32.3,7.6,17,0.445,1.7,5.6,0.308,5.9,11.4,0.513,0.496,3.2,3.9,0.809,0.7,3.8,4.5,4.2,1.5,0.7,1.9,2.4,20
293,Kira Lewis Jr.\lewiski01,PG,19,NOP,48,0,16.1,2.3,6.1,0.385,0.8,2.2,0.34,1.6,3.9,0.411,0.447,0.6,0.7,0.8,0.2,1,1.1,2.3,0.7,0.2,0.6,1.5,6
294,Damian Lillard\lillada01,PG,30,POR,60,60,35.8,8.8,20.1,0.438,4.1,10.7,0.381,4.7,9.4,0.503,0.539,6.7,7.2,0.926,0.5,3.7,4.2,7.6,1,0.3,3.1,1.6,28.4
295,Nassir Little\littlna01,PF,20,POR,44,2,13.7,1.6,3.6,0.443,0.6,1.8,0.346,1,1.8,0.538,0.528,0.8,1,0.795,0.7,2.1,2.8,0.5,0.1,0.3,0.4,1.1,4.6
296,Kevon Looney\looneke01,C,24,GSW,55,28,18.2,1.8,3.2,0.557,0.1,0.3,0.235,1.7,2.9,0.591,0.568,0.5,0.7,0.658,1.8,2.9,4.7,1.9,0.4,0.4,0.6,2.2,4.1
297,Brook Lopez\lopezbr01,C,32,MIL,64,64,27.3,4.4,9,0.49,1.4,4.2,0.341,3,4.8,0.618,0.569,1.6,1.8,0.856,1.4,3.4,4.8,0.8,0.6,1.5,0.9,2.1,11.8
298,Robin Lopez\lopezro01,C,32,WAS,64,9,19.2,3.6,5.7,0.635,0.1,0.3,0.278,3.5,5.4,0.654,0.642,1.4,1.9,0.707,1.9,1.9,3.8,0.8,0.2,0.6,1,1.5,8.6
299,Kevin Love\loveke01,PF,32,CLE,22,22,24.4,3.8,9.7,0.394,2.1,6,0.346,1.7,3.6,0.475,0.502,1.6,2,0.814,0.6,6.4,7,2.5,0.5,0.1,1.5,1,11.3
300,Kyle Lowry\lowryky01,PG,34,TOR,46,46,34.8,5.7,13,0.436,2.8,7.2,0.396,2.8,5.8,0.487,0.546,3,3.5,0.875,0.8,4.6,5.4,7.3,1,0.3,2.7,3.1,17.2
301,Timothé Luwawu-Cabarrot\luwawti01,SF,25,BRK,55,7,18.8,2.3,6.3,0.364,1.3,4.3,0.315,1,2.1,0.465,0.47,0.6,0.8,0.814,0.5,1.8,2.3,1.2,0.6,0.1,0.8,1.8,6.6
302,Trey Lyles\lylestr01,PF,25,SAS,23,9,15.6,1.9,3.9,0.478,0.6,1.7,0.35,1.3,2.2,0.58,0.556,0.7,1,0.652,0.4,3.3,3.7,0.6,0.3,0,0.3,0.6,5
303,Will Magnay\magnawi01,C,22,NOP,1,0,3,0,1,0,0,1,0,0,0,,0,0,0,,0,0,0,0,0,0,1,1,0
304,Thon Maker\makerth01,C,23,CLE,8,0,9.5,1.3,2.3,0.556,0,0.3,0,1.3,2,0.625,0.556,1.3,1.4,0.909,1,1.3,2.3,0.5,0.3,0.5,0.4,0.9,3.8
305,Théo Maledon\maledth01,PG,19,OKC,60,44,27.6,3.4,9.3,0.367,1.6,4.7,0.343,1.8,4.6,0.392,0.454,1.6,2.1,0.764,0.4,2.9,3.3,3.5,0.9,0.2,2.2,2.1,10
306,Karim Mané\maneka01,PG,20,ORL,10,0,8.8,0.3,1.3,0.231,0.1,0.2,0.5,0.2,1.1,0.182,0.269,0.4,0.5,0.8,0.1,1.3,1.4,0.4,0,0.2,0.3,1,1.1
307,Terance Mann\mannte01,SG,24,LAC,63,10,19.2,2.5,5.2,0.488,0.6,1.4,0.414,2,3.8,0.515,0.543,1.1,1.3,0.819,0.9,2.8,3.7,1.6,0.4,0.2,0.6,1.9,6.7
308,Nico Mannion\mannini01,PG,19,GSW,27,1,11.7,1.3,3.7,0.347,0.7,2,0.358,0.6,1.8,0.333,0.441,0.7,0.9,0.8,0.1,1.2,1.3,2.2,0.6,0,1,1,4
309,Boban Marjanović\marjabo01,C,32,DAL,28,3,9,2,4,0.504,0,0.2,0,2,3.8,0.533,0.504,1,1.2,0.824,1.6,2.8,4.4,0.3,0.1,0.2,0.4,1,5.1
310,Lauri Markkanen\markkla01,PF,23,CHI,44,25,26.4,5,10.7,0.472,2.3,6,0.385,2.8,4.7,0.582,0.58,1.5,1.8,0.84,0.8,4.6,5.4,0.9,0.5,0.3,1,1.5,13.9
311,Naji Marshall\marshna01,SF,23,NOP,26,4,19.8,2,5.2,0.378,0.8,2.3,0.373,1.1,2.9,0.382,0.459,1.7,2.4,0.694,0.3,3.8,4.1,2.6,0.8,0.3,0.9,1.7,6.4
312,Caleb Martin\martica02,SF,25,CHO,48,3,15.1,1.9,4.9,0.382,0.6,2.3,0.252,1.3,2.5,0.5,0.442,0.8,1.2,0.632,0.6,2.1,2.8,1.2,0.7,0.2,0.6,1.1,5
313,Cody Martin\martico01,SF,25,CHO,52,10,16.3,1.6,3.6,0.441,0.3,1.1,0.276,1.3,2.5,0.515,0.484,0.5,0.8,0.581,1,2.1,3.1,1.7,0.7,0.2,0.8,1,4
314,Jeremiah Martin\martije02,PG,24,CLE,3,0,5.7,0.7,2.3,0.286,0,0.7,0,0.7,1.7,0.4,0.286,0,1,0,0,0,0,0.7,0.3,0,0.3,0.3,1.3
315,Kelan Martin\martike03,SF,25,IND,27,0,6,0.9,2.4,0.391,0.3,1,0.321,0.6,1.3,0.444,0.461,0.3,0.3,0.875,0.4,1.1,1.4,0.4,0.2,0.2,0.3,0.7,2.4
316,Kenyon Martin Jr.\martike04,SF,20,HOU,38,1,21,2.9,5.7,0.512,0.4,1.3,0.294,2.5,4.3,0.579,0.547,1.3,1.8,0.735,1.7,3.1,4.8,0.6,0.6,0.9,0.7,1.8,7.5
317,Frank Mason III\masonfr01,PG,26,ORL,4,1,19.8,2.3,6,0.375,0.5,1.3,0.4,1.8,4.8,0.368,0.417,1.3,1.8,0.714,0.8,2.3,3,3,0,0,1.3,1.8,6.3
318,Garrison Mathews\mathega01,SG,24,WAS,57,22,16.8,1.6,3.8,0.415,1.2,3.1,0.385,0.4,0.7,0.553,0.574,1.3,1.4,0.902,0.3,1.2,1.4,0.4,0.5,0.1,0.2,1.7,5.7
319,Dakota Mathias\mathida01,SG,25,PHI,8,2,15.4,2.4,6,0.396,1,3.3,0.308,1.4,2.8,0.5,0.479,0.3,0.8,0.333,0.1,0.8,0.9,1.6,0.1,0.4,0.1,0.9,6
320,Wesley Matthews\matthwe02,SG,34,LAL,51,7,19.3,1.5,4.2,0.344,1.1,3.3,0.329,0.4,0.9,0.4,0.474,0.6,0.7,0.857,0.3,1.2,1.5,0.9,0.6,0.3,0.5,1.4,4.6
321,Tyrese Maxey\maxeyty01,SG,20,PHI,55,6,14.3,3,6.6,0.456,0.4,1.6,0.273,2.6,5,0.514,0.489,0.8,0.9,0.86,0.2,1.3,1.5,1.6,0.3,0.2,0.6,1.2,7.3
322,Skylar Mays\mayssk01,SG,23,ATL,30,0,7.8,1.2,2.8,0.417,0.4,1.1,0.324,0.8,1.7,0.48,0.482,0.7,0.8,0.88,0.3,0.7,1,0.8,0.5,0,0.3,0.5,3.4
323,Patrick McCaw\mccawpa01,SF,25,TOR,5,0,6.6,0.2,0.2,1,0,0,,0.2,0.2,1,1,0.6,0.6,1,0.2,0.4,0.6,0.8,0.4,0,0,1.2,1
324,CJ McCollum\mccolcj01,SG,29,POR,40,40,33.8,8.6,18.9,0.457,3.6,9.1,0.395,5,9.8,0.515,0.552,2.3,2.7,0.826,0.7,3.5,4.2,4.8,1,0.5,1.4,2,23.1
325,T.J. McConnell\mccontj01,PG,28,IND,61,2,25.5,3.7,6.8,0.553,0.2,0.7,0.35,3.5,6.1,0.575,0.57,0.4,0.6,0.658,0.8,2.8,3.6,6.6,1.8,0.3,1.9,1.6,8.1
326,Jaden McDaniels\mcdanja02,PF,20,MIN,58,24,23.9,2.6,5.8,0.444,1.1,3.1,0.369,1.4,2.7,0.528,0.541,0.4,0.7,0.605,0.8,2.9,3.8,1.1,0.6,0.9,0.7,2.7,6.8
327,Jalen McDaniels\mcdanja01,SF,23,CHO,40,11,17.6,2.6,5.6,0.464,0.7,2,0.346,1.9,3.5,0.532,0.527,0.9,1.3,0.7,0.8,2.5,3.3,1,0.6,0.4,0.9,2,6.7
328,Doug McDermott\mcderdo01,PF,29,IND,58,21,24.2,5.3,9.9,0.53,1.6,4.3,0.385,3.6,5.7,0.64,0.613,1.2,1.5,0.814,1,2.5,3.5,1.3,0.3,0.1,0.8,1.7,13.4
329,Sean McDermott\mcderse01,SF,24,MEM,18,0,8.8,0.7,1.8,0.394,0.3,1.2,0.227,0.4,0.6,0.727,0.47,0.4,0.4,1,0.3,0.7,1.1,0.2,0.1,0.2,0.2,0.4,2.2
330,JaVale McGee\mcgeeja01,C,33,TOT,40,1,14.6,3.2,6.1,0.522,0.1,0.5,0.238,3.1,5.6,0.549,0.533,1,1.5,0.656,1.6,3.4,5,0.9,0.5,1.2,1.4,2.5,7.5
330,JaVale McGee\mcgeeja01,C,33,CLE,33,1,15.2,3.4,6.5,0.521,0.2,0.6,0.25,3.2,5.9,0.549,0.533,1.1,1.7,0.655,1.6,3.5,5.2,1,0.5,1.2,1.4,2.4,8
330,JaVale McGee\mcgeeja01,C,33,DEN,7,0,11.3,2.3,4.3,0.533,0,0.1,0,2.3,4.1,0.552,0.533,0.6,0.9,0.667,1.3,2.7,4,0.3,0.3,0.9,1.4,3,5.1
331,Rodney McGruder\mcgruro01,SG,29,DET,16,2,12.1,2.3,4.4,0.529,0.7,1.5,0.458,1.6,2.9,0.565,0.607,0.4,0.5,0.75,0.5,0.9,1.4,1,0.5,0.1,0.4,0.8,5.7
332,Alfonzo McKinnie\mckinal01,SF,28,LAL,35,0,6.3,1.1,2.1,0.52,0.4,0.9,0.438,0.7,1.2,0.581,0.613,0.3,0.5,0.529,0.5,0.8,1.3,0.2,0.1,0,0.1,0.6,2.9
333,Jordan McLaughlin\mclaujo01,PG,24,MIN,45,2,18.7,2,4.8,0.406,0.6,1.7,0.372,1.3,3.1,0.424,0.472,0.4,0.5,0.75,0.4,1.7,2.1,4,1,0.1,1,0.9,5
334,Ben McLemore\mclembe01,SG,27,TOT,46,5,16.8,2.6,7,0.37,1.8,5.3,0.344,0.8,1.7,0.449,0.5,0.8,1.2,0.736,0.3,1.6,1.9,0.7,0.5,0.1,0.8,1.7,7.8
334,Ben McLemore\mclembe01,SG,27,HOU,32,4,16.8,2.5,7,0.357,1.7,5.2,0.331,0.8,1.8,0.431,0.48,0.7,1,0.719,0.3,1.7,2.1,0.9,0.6,0.1,0.9,1.6,7.4
334,Ben McLemore\mclembe01,SG,27,LAL,14,1,16.9,2.8,7,0.398,2.1,5.6,0.372,0.7,1.4,0.5,0.546,1.1,1.5,0.762,0.3,1.4,1.6,0.4,0.1,0.2,0.8,2.1,8.8
335,Nicolò Melli\mellini01,PF,30,TOT,39,4,12.3,0.9,2.9,0.316,0.4,1.7,0.254,0.5,1.2,0.404,0.39,0.3,0.5,0.684,0.6,2,2.6,1,0.3,0.1,0.3,1.4,2.6
335,Nicolò Melli\mellini01,PF,30,NOP,22,0,11,0.7,2.7,0.254,0.3,1.7,0.189,0.4,1,0.364,0.314,0.3,0.3,0.857,0.5,2,2.6,1.1,0.4,0,0.3,1.3,2
335,Nicolò Melli\mellini01,PF,30,DAL,17,4,14,1.2,3.2,0.382,0.6,1.8,0.333,0.6,1.5,0.44,0.473,0.4,0.7,0.583,0.6,2,2.6,0.8,0.2,0.1,0.2,1.5,3.5
336,De'Anthony Melton\meltode01,PG,22,MEM,44,1,20.3,3.5,7.9,0.448,1.8,4.1,0.428,1.8,3.8,0.47,0.559,0.8,1,0.783,0.6,2.6,3.3,2.6,1.2,0.6,1.2,1.7,9.6
337,Sam Merrill\merrisa01,SG,24,MIL,27,1,7.4,1.1,2.3,0.484,0.7,1.5,0.488,0.4,0.8,0.476,0.645,0.1,0.1,1,0.2,0.8,1,0.7,0.2,0,0.4,0.6,3.1
338,Chimezie Metu\metuch01,C,23,SAC,30,2,11.1,2.2,4.1,0.541,0.2,0.6,0.294,2,3.5,0.581,0.561,0.8,1.1,0.697,0.9,1.7,2.6,0.7,0.4,0.5,0.7,1.6,5.3
339,Khris Middleton\middlkh01,SF,29,MIL,63,63,33.5,7.5,15.9,0.475,2.3,5.3,0.425,5.3,10.6,0.5,0.546,3.1,3.4,0.894,0.8,5.2,6,5.5,1.1,0.1,2.7,2.4,20.4
340,Darius Miller\milleda01,SF,30,OKC,18,0,10.9,1.2,2.7,0.458,0.9,2.3,0.405,0.3,0.3,0.833,0.635,0.7,0.7,1,0.1,1.2,1.3,1.2,0.7,0.3,0.4,0.7,4.1
341,Patty Mills\millspa02,PG,32,SAS,61,0,25.3,3.8,9.2,0.415,2.4,6.5,0.375,1.4,2.8,0.509,0.546,1,1.2,0.901,0.3,1.5,1.8,2.4,0.7,0,1,1.2,11.1
342,Paul Millsap\millspa01,PF,35,DEN,51,34,20.8,3.4,7,0.485,0.9,2.5,0.349,2.5,4.5,0.561,0.548,1.2,1.7,0.716,1.4,3.5,4.8,1.7,0.8,0.7,0.9,2,8.9
343,Shake Milton\miltosh01,SG,24,PHI,57,3,23.3,4.8,10.7,0.449,1.1,3.2,0.356,3.7,7.5,0.488,0.502,2.4,2.9,0.834,0.5,1.7,2.3,3,0.6,0.2,1.7,2.1,13.1
344,Donovan Mitchell\mitchdo01,PG,24,UTA,53,53,33.4,9,20.6,0.438,3.4,8.7,0.386,5.7,11.9,0.476,0.52,5,6,0.845,0.9,3.5,4.4,5.2,1,0.3,2.8,2.2,26.4
345,Adam Mokoka\mokokad01,SG,22,CHI,13,0,4.2,0.5,1.4,0.389,0.1,0.8,0.1,0.5,0.6,0.75,0.417,0,0.1,0,0.1,0.3,0.4,0.4,0.2,0.1,0.3,0.4,1.2
346,Malik Monk\monkma01,SG,22,CHO,35,0,21.8,4.5,9.9,0.45,2.1,5.1,0.419,2.3,4.8,0.482,0.558,1.6,1.9,0.824,0.4,2.2,2.6,2,0.5,0.1,1.4,1.3,12.7
347,E'Twaun Moore\mooreet01,SG,31,PHO,24,1,14.5,1.8,4.3,0.422,0.3,1.2,0.276,1.5,3,0.479,0.461,0.3,0.4,0.8,0.5,1.2,1.8,1.5,0.6,0.2,0.8,1.3,4.3
348,Ja Morant\moranja01,PG,21,MEM,56,56,32.2,6.8,15.2,0.449,1.1,3.7,0.298,5.7,11.5,0.498,0.485,4.4,5.9,0.741,0.9,3,3.9,7.3,0.9,0.2,3.1,1.4,19.1
349,Juwan Morgan\morgaju01,PF,23,UTA,26,0,5,0.5,1,0.5,0.2,0.5,0.308,0.3,0.5,0.692,0.577,0.1,0.3,0.429,0.3,0.7,1,0.3,0.2,0,0.1,0.8,1.3
350,Marcus Morris\morrima03,PF,31,LAC,52,24,26.7,5,10.5,0.472,2.6,5.4,0.473,2.4,5.1,0.47,0.593,1.2,1.5,0.818,0.6,3.6,4.2,1.1,0.6,0.3,0.9,2.2,13.7
351,Markieff Morris\morrima02,PF,31,LAL,57,26,20,2.5,6.2,0.411,1.1,3.5,0.308,1.5,2.7,0.546,0.499,0.6,0.8,0.739,0.8,3.7,4.5,1.2,0.4,0.3,0.9,1.7,6.8
352,Monte Morris\morrimo01,PG,25,DEN,44,13,26.2,4,8.3,0.477,1.1,3,0.377,2.8,5.3,0.532,0.544,1.3,1.6,0.789,0.3,1.9,2.2,3.2,0.7,0.3,0.7,1,10.3
353,Mychal Mulder\muldemy01,PG,26,GSW,54,5,11.8,1.7,3.9,0.443,1.2,3.1,0.387,0.5,0.8,0.667,0.598,0.2,0.4,0.579,0.1,0.9,1,0.4,0.2,0.2,0.3,0.8,4.9
354,Dejounte Murray\murrade01,PG,24,SAS,60,60,32.1,6.6,14.5,0.455,1,3,0.335,5.6,11.5,0.486,0.49,1.6,2,0.81,0.8,6.3,7.1,5.4,1.6,0.1,1.8,2.1,15.9
355,Jamal Murray\murraja01,PG,23,DEN,48,48,35.5,7.9,16.5,0.477,2.7,6.6,0.408,5.2,9.9,0.523,0.559,2.8,3.2,0.869,0.8,3.3,4,4.8,1.3,0.3,2.3,2,21.2
356,Mike Muscala\muscami01,C,29,OKC,35,0,18.4,3.4,7.6,0.446,1.9,5.3,0.37,1.5,2.4,0.614,0.573,0.9,1,0.917,0.5,3.2,3.8,0.8,0.2,0.3,0.6,1.5,9.7
357,Sviatoslav Mykhailiuk\mykhasv01,SF-SG,23,TOT,62,14,19.8,2.9,7.2,0.405,1.5,4.6,0.333,1.4,2.6,0.535,0.512,0.6,0.8,0.771,0.4,2.1,2.5,1.6,0.7,0.2,1.3,0.9,8
357,Sviatoslav Mykhailiuk\mykhasv01,SF,23,DET,36,5,17.6,2.3,6.2,0.377,1.6,4.8,0.333,0.8,1.4,0.519,0.504,0.7,0.8,0.8,0.3,1.8,2.1,1.6,0.8,0.2,1.1,0.9,6.9
357,Sviatoslav Mykhailiuk\mykhasv01,SG,23,OKC,26,9,22.8,3.7,8.6,0.433,1.5,4.5,0.333,2.2,4.1,0.542,0.52,0.5,0.7,0.722,0.5,2.5,3,1.7,0.6,0.2,1.7,1,9.5
358,Abdel Nader\naderab01,SF,27,PHO,24,0,14.8,2.4,4.8,0.491,0.8,1.8,0.419,1.6,3,0.534,0.569,1.2,1.5,0.757,0.3,2.3,2.6,0.8,0.4,0.4,0.8,1.4,6.7
359,Larry Nance Jr.\nancela02,PF,28,CLE,35,27,31.2,3.7,7.8,0.471,1.2,3.3,0.36,2.5,4.5,0.551,0.546,0.9,1.4,0.612,1.5,5.2,6.7,3.1,1.7,0.5,1.6,2.1,9.3
360,Aaron Nesmith\nesmiaa01,SF,21,BOS,39,0,13.7,1.5,3.5,0.438,0.9,2.3,0.382,0.7,1.2,0.542,0.562,0.4,0.5,0.7,0.6,1.9,2.5,0.4,0.3,0.2,0.5,1.7,4.3
361,Raul Neto\netora01,PG,28,WAS,59,17,21.3,3.2,6.9,0.467,1,2.5,0.387,2.2,4.3,0.514,0.538,1,1.2,0.859,0.4,2,2.4,2.3,1.1,0.1,0.8,1.6,8.4
362,Georges Niang\niangge01,PF,27,UTA,65,5,15.3,2.3,5.3,0.426,1.6,3.9,0.414,0.7,1.4,0.457,0.577,0.2,0.2,1,0.4,2.1,2.5,0.8,0.3,0.1,0.7,1.5,6.3
363,Zeke Nnaji\nnajize01,PF,20,DEN,40,1,9.1,1.1,2.4,0.474,0.5,1.3,0.377,0.6,1.1,0.595,0.579,0.3,0.4,0.8,0.3,1.1,1.5,0.2,0.2,0.1,0.2,0.7,3.1
364,Nerlens Noel\noelne01,C,26,NYK,57,34,23.7,2.2,3.5,0.609,0,0.1,0,2.2,3.5,0.618,0.609,0.8,1.1,0.705,2.3,4.1,6.4,0.8,1.1,2.2,1.1,2.7,5.1
365,Jaylen Nowell\nowelja01,SG,21,MIN,38,0,18.8,3.6,8.4,0.428,1.2,3.7,0.338,2.3,4.7,0.497,0.502,1.1,1.3,0.824,0.5,1.9,2.3,1.6,0.6,0.3,0.7,1.8,9.5
366,Frank Ntilikina\ntilila01,PG,22,NYK,26,4,10.2,0.9,2.5,0.369,0.7,1.5,0.474,0.2,1,0.222,0.508,0.3,0.6,0.5,0.2,0.8,1,0.6,0.6,0.1,0.4,1.5,2.8
367,Kendrick Nunn\nunnke01,PG,25,MIA,51,39,29.5,5.5,11.7,0.473,2.2,5.8,0.385,3.3,5.9,0.56,0.569,1,1.1,0.926,0.4,2.8,3.1,2.7,1,0.2,1.5,1.9,14.3
368,James Nunnally\nunnaja01,SF,30,NOP,6,0,6.2,0.7,1.7,0.4,0.5,1.5,0.333,0.2,0.2,1,0.55,0.2,0.3,0.5,0.3,0.8,1.2,0.3,0,0,0.2,0.2,2
369,Jusuf Nurkić\nurkiju01,C,26,POR,30,30,23.3,4.3,8.5,0.502,0.3,0.9,0.37,3.9,7.6,0.518,0.522,1.9,2.9,0.644,2.1,6.5,8.6,3.2,0.9,0.9,2,2.8,10.7
370,David Nwaba\nwabada01,SF,28,HOU,30,9,22.6,3.5,7.3,0.486,0.6,2.1,0.27,3,5.2,0.574,0.525,1.6,2.3,0.691,1.3,2.6,3.9,1,1,0.7,0.6,2,9.2
371,Jordan Nwora\nworajo01,SF,22,MIL,26,2,8.8,1.8,4.2,0.44,0.9,2,0.453,0.9,2.2,0.429,0.55,0.7,0.8,0.81,0.2,1.5,1.7,0.3,0.5,0.2,0.8,0.7,5.3
372,Royce O'Neale\onealro01,SF,27,UTA,64,64,31.8,2.4,5.5,0.447,1.5,3.9,0.387,0.9,1.6,0.594,0.585,0.6,0.7,0.857,1.2,5.8,7,2.6,0.8,0.5,1.1,2.6,6.9
373,Semi Ojeleye\ojelese01,PF,26,BOS,51,13,17.3,1.6,4,0.397,1.1,2.9,0.381,0.5,1.1,0.439,0.534,0.5,0.6,0.75,0.5,2.1,2.6,0.7,0.3,0,0.4,1.1,4.7
374,Jahlil Okafor\okafoja01,C,25,DET,21,0,11.9,2.1,3.3,0.638,0.1,0.3,0.333,2,3,0.667,0.652,0.5,0.7,0.714,0.7,1.4,2.1,0.6,0.2,0.2,0.6,1.2,4.8
375,Chuma Okeke\okekech01,PF,22,ORL,45,19,25.2,3,7.2,0.417,1.1,3.1,0.348,1.9,4.1,0.47,0.492,0.7,0.9,0.75,0.9,3.1,4,2.2,1.1,0.5,0.8,1.1,7.8
376,Josh Okogie\okogijo01,SG,22,MIN,52,36,21,1.8,4.5,0.399,0.5,1.9,0.273,1.3,2.6,0.493,0.457,1.5,1.8,0.811,1,1.7,2.7,1.1,0.9,0.4,0.7,2.1,5.6
377,Onyeka Okongwu\okongon01,C,20,ATL,44,3,11.6,1.6,2.6,0.626,0,0.1,0,1.6,2.5,0.643,0.626,0.7,1.1,0.638,1,1.9,2.9,0.3,0.4,0.6,0.5,2,4
378,Isaac Okoro\okorois01,SG,20,CLE,60,60,32,3.3,7.6,0.429,0.9,2.9,0.295,2.4,4.7,0.513,0.486,1.6,2.2,0.748,1,1.9,2.9,1.8,1,0.4,1.3,2.7,9
379,KZ Okpala\okpalkz01,PF,21,MIA,34,9,12,0.9,2.6,0.345,0.4,1.4,0.245,0.5,1.1,0.474,0.414,0.1,0.3,0.3,0.6,1.3,1.8,0.5,0.2,0.3,0.4,1.6,2.2
380,Victor Oladipo\oladivi01,SG,28,TOT,33,33,32.7,7.1,17.5,0.408,2.4,7.2,0.326,4.8,10.2,0.466,0.476,3.2,4.2,0.754,0.4,4.5,4.8,4.6,1.4,0.4,2.5,2.5,19.8
380,Victor Oladipo\oladivi01,SG,28,IND,9,9,33.3,7.1,16.9,0.421,2.8,7.7,0.362,4.3,9.2,0.47,0.503,3,4.1,0.73,0.1,5.6,5.7,4.2,1.7,0.2,2,2.6,20
380,Victor Oladipo\oladivi01,SG,28,HOU,20,20,33.5,7.8,19.1,0.407,2.5,7.7,0.32,5.3,11.4,0.465,0.471,3.3,4.2,0.783,0.4,4.4,4.8,5,1.2,0.5,2.6,2.3,21.2
380,Victor Oladipo\oladivi01,SG,28,MIA,4,4,27.8,4,10.8,0.372,1,4.3,0.235,3,6.5,0.462,0.419,3,4.5,0.667,0.8,2.8,3.5,3.5,1.8,0.5,3.5,3.3,12
381,Kelly Olynyk\olynyke01,C-PF,29,TOT,64,56,28.4,4.7,9.7,0.487,1.8,5.3,0.334,2.9,4.3,0.675,0.579,1.5,1.8,0.831,1.2,5.6,6.8,2.5,1.1,0.6,1.7,2.9,12.7
381,Kelly Olynyk\olynyke01,C,29,MIA,43,38,26.9,3.8,8.7,0.431,1.8,5.7,0.317,2,3.1,0.639,0.533,0.7,0.9,0.775,1,5,6.1,2.1,0.9,0.6,1.3,2.9,10
381,Kelly Olynyk\olynyke01,PF,29,HOU,21,18,31.4,6.6,11.5,0.574,1.8,4.7,0.378,4.9,6.9,0.708,0.651,3.2,3.7,0.859,1.6,6.8,8.4,3.2,1.3,0.5,2.5,2.9,18.2
382,Miye Oni\onimi01,SG,23,UTA,47,0,9.2,0.7,1.9,0.356,0.6,1.6,0.338,0.1,0.2,0.5,0.506,0.1,0.1,0.833,0.4,1.2,1.6,0.4,0.2,0.2,0.3,1.1,2
383,Cedi Osman\osmande01,SF,25,CLE,55,22,25.3,3.6,9.7,0.368,1.7,5.4,0.309,1.9,4.3,0.441,0.453,1.3,1.6,0.787,0.7,2.7,3.4,2.8,0.9,0.2,1.2,1.9,10.1
384,Daniel Oturu\oturuda01,C,21,LAC,25,0,4.1,0.6,1.1,0.536,0,0,0,0.6,1.1,0.556,0.536,0.2,0.3,0.625,0.4,0.7,1.1,0.3,0,0.1,0.2,0.6,1.4
385,Kelly Oubre Jr.\oubreke01,SF,25,GSW,55,50,30.7,5.8,13.2,0.439,1.6,5.2,0.316,4.1,8,0.519,0.501,2.2,3.2,0.695,1.5,4.5,6,1.3,1,0.8,1.3,2.2,15.4
386,Jabari Parker\parkeja01,PF,25,TOT,9,0,11.4,2,3.7,0.545,0,0.6,0,2,3.1,0.643,0.545,0.3,0.4,0.75,0.8,2,2.8,0.8,0.1,0.4,0.8,0.9,4.3
386,Jabari Parker\parkeja01,PF,25,SAC,3,0,9,1.3,2.3,0.571,0,0.3,0,1.3,2,0.667,0.571,0,0,,0.3,1.7,2,0.3,0,0.3,1,1.3,2.7
386,Jabari Parker\parkeja01,PF,25,BOS,6,0,12.7,2.3,4.3,0.538,0,0.7,0,2.3,3.7,0.636,0.538,0.5,0.7,0.75,1,2.2,3.2,1,0.2,0.5,0.7,0.7,5.2
387,Eric Paschall\pascher01,PF,24,GSW,39,2,17.3,3.7,7.5,0.491,0.4,1.4,0.321,3.3,6.2,0.529,0.52,1.6,2.3,0.719,0.7,2.5,3.2,1.3,0.3,0.2,1.1,1.7,9.5
388,Anžejs Pasečņiks\pasecan01,C,25,WAS,1,0,6,0,1,0,0,1,0,0,0,,0,0,0,,1,0,1,1,0,0,5,2,0
389,Patrick Patterson\pattepa01,PF,31,LAC,36,4,14.2,1.8,4,0.434,1,2.8,0.364,0.8,1.3,0.587,0.559,0.3,0.4,0.75,0.4,1.4,1.9,0.6,0.4,0.2,0.3,1.2,4.8
390,Justin Patton\pattoju01,C,23,HOU,13,6,19,2.2,5.4,0.414,0.7,2.6,0.265,1.5,2.8,0.556,0.479,0.2,0.3,0.75,1.1,2.7,3.8,1.1,0.9,1.1,0.3,2.6,5.4
391,Chris Paul\paulch01,PG,35,PHO,64,64,31.6,6.2,12.5,0.494,1.5,3.8,0.388,4.8,8.8,0.54,0.552,2.5,2.6,0.935,0.4,4.2,4.6,8.9,1.4,0.3,2.2,2.3,16.3
392,Cameron Payne\payneca01,PG,26,PHO,53,0,17.4,2.9,6.2,0.465,1,2.6,0.401,1.8,3.6,0.511,0.549,0.8,0.9,0.87,0.3,2.1,2.4,3.5,0.6,0.2,1,1.6,7.5
393,Elfrid Payton\paytoel01,PG,26,NYK,56,56,24.7,4.7,10.5,0.443,0.5,1.7,0.295,4.2,8.8,0.472,0.467,1.3,1.9,0.692,1.1,2.4,3.5,3.4,0.8,0.2,1.7,1.8,11.1
394,Gary Payton II\paytoga02,PG,28,GSW,10,0,4,1,1.3,0.769,0.2,0.4,0.5,0.8,0.9,0.889,0.846,0.3,0.4,0.75,0.2,0.9,1.1,0.1,0.6,0.1,0.1,0.8,2.5
395,Norvel Pelle\pelleno01,C,27,TOT,11,0,7.1,0.6,1.3,0.5,0,0,,0.6,1.3,0.5,0.5,0.4,0.5,0.667,0.5,1.1,1.6,0.2,0.1,0.8,0.3,1.3,1.6
395,Norvel Pelle\pelleno01,C,27,BRK,3,0,9.3,1,2.3,0.429,0,0,,1,2.3,0.429,0.429,0,0,,1,1.3,2.3,0,0,1,1,3,2
395,Norvel Pelle\pelleno01,C,27,SAC,1,0,4,0,1,0,0,0,,0,1,0,0,3,4,0.75,1,0,1,1,0,0,0,1,3
395,Norvel Pelle\pelleno01,C,27,NYK,7,0,6.6,0.6,0.9,0.667,0,0,,0.6,0.9,0.667,0.667,0.1,0.3,0.5,0.3,1.1,1.4,0.1,0.1,0.9,0,0.6,1.3
396,Reggie Perry\perryre01,PF,20,BRK,23,0,8.8,1.4,3.3,0.421,0.2,0.9,0.19,1.2,2.4,0.509,0.447,0.4,0.6,0.769,1.1,1.9,3,0.6,0.3,0.3,0.6,1.6,3.4
397,Theo Pinson\pinsoth01,SG,25,NYK,16,0,2.1,0.1,0.6,0.111,0,0.5,0,0.1,0.1,1,0.111,0,0,,0,0.3,0.3,0.1,0,0,0.1,0.3,0.1
398,Mason Plumlee\plumlma01,C,30,DET,55,55,26.8,4.1,6.8,0.613,0,0.1,0,4.1,6.6,0.625,0.613,2.1,3.1,0.669,2.6,6.7,9.3,3.6,0.8,0.9,1.9,3.3,10.3
399,Jakob Poeltl\poeltja01,C,25,SAS,62,44,26.5,3.8,6,0.628,0,0,,3.8,6,0.628,0.628,1,1.9,0.504,3.2,4.7,7.9,1.9,0.6,1.7,1.3,2.5,8.5
400,Vincent Poirier\poirivi01,C,27,PHI,10,0,3.9,0.3,1.2,0.25,0,0.1,0,0.3,1.1,0.273,0.25,0.2,0.6,0.333,0.6,0.8,1.4,0.2,0,0.3,0.4,0.8,0.8
401,Aleksej Pokusevski\pokusal01,PF,19,OKC,41,24,23.4,2.9,8.8,0.325,1.2,4.5,0.259,1.7,4.3,0.394,0.392,0.7,0.8,0.794,0.7,3.9,4.6,2.1,0.5,1,2,1.3,7.5
402,Jordan Poole\poolejo01,SG,21,GSW,45,6,18.5,3.7,8.9,0.414,1.8,5.1,0.343,1.9,3.8,0.509,0.512,1.7,2,0.867,0.2,1.4,1.6,2,0.5,0.2,0.9,1.6,10.9
403,Jontay Porter\portejo01,PF,21,MEM,9,0,3,0.3,1.1,0.3,0.2,0.8,0.286,0.1,0.3,0.333,0.4,0.3,0.3,1,0.2,0.9,1.1,0.1,0.2,0,0.6,0.7,1.2
404,Kevin Porter Jr.\porteke02,SG,20,HOU,25,22,32.5,6,14.2,0.424,1.9,6.2,0.308,4.1,7.9,0.515,0.492,2.7,3.6,0.744,0.8,3.1,3.9,6.4,0.8,0.3,3.6,2.4,16.6
405,Michael Porter Jr.\portemi01,SF,22,DEN,55,48,31.7,7.2,13.3,0.542,2.7,6.1,0.44,4.5,7.2,0.628,0.643,1.8,2.3,0.776,1.6,6,7.5,1.1,0.6,1,1.2,2.1,18.9
406,Otto Porter\porteot01,SF-PF,27,TOT,28,6,21.6,3.5,8.1,0.432,1.4,3.7,0.375,2.1,4.4,0.48,0.518,1.3,1.5,0.857,1,4.4,5.4,2,0.6,0.1,0.9,1.5,9.7
406,Otto Porter\porteot01,SF,27,CHI,25,6,21.6,3.6,8.1,0.441,1.5,3.8,0.4,2,4.3,0.477,0.535,1.2,1.5,0.838,1.1,4.4,5.5,2,0.5,0.2,1,1.5,9.9
406,Otto Porter\porteot01,PF,27,ORL,3,0,22,3,8.3,0.36,0.3,3,0.111,2.7,5.3,0.5,0.38,1.7,1.7,1,0,4.7,4.7,1.7,1.3,0,0,1.3,8
407,Bobby Portis\portibo01,C,25,MIL,60,7,21.1,4.7,9,0.526,1.1,2.4,0.472,3.6,6.6,0.546,0.589,0.8,1,0.742,1.8,5.3,7.1,1.1,0.8,0.4,0.9,1.8,11.3
408,Kristaps Porziņģis\porzikr01,C,25,DAL,40,40,31.1,7.6,16,0.473,2.2,6.1,0.362,5.4,9.9,0.542,0.542,2.8,3.3,0.85,1.9,7.1,9.1,1.6,0.5,1.4,1.3,2.7,20.2
409,Dwight Powell\poweldw01,C,29,DAL,51,16,15.6,1.9,3.3,0.59,0.1,0.4,0.238,1.8,2.8,0.641,0.605,1.6,2.1,0.766,1.3,2.4,3.7,0.8,0.6,0.4,0.6,2.2,5.5
410,Norman Powell\powelno01,SG-SF,27,TOT,63,52,31.6,6.4,13.3,0.482,2.5,6.1,0.411,3.9,7.3,0.54,0.575,3.4,3.9,0.866,0.6,2.4,3,1.9,1.2,0.3,1.7,2.3,18.7
410,Norman Powell\powelno01,SG,27,TOR,42,31,30.4,6.7,13.5,0.498,2.8,6.4,0.439,3.9,7.1,0.552,0.602,3.4,3.9,0.865,0.5,2.5,3,1.8,1.1,0.2,1.8,2.3,19.6
410,Norman Powell\powelno01,SF,27,POR,21,21,33.9,5.9,13.1,0.447,1.9,5.4,0.345,4,7.7,0.519,0.518,3.4,4,0.867,1,2,3,2,1.4,0.4,1.6,2.3,17
411,Taurean Prince\princta02,PF,26,TOT,41,10,22.1,3.2,8,0.401,1.5,3.8,0.4,1.7,4.2,0.401,0.495,1.6,1.9,0.855,0.5,3,3.5,1.9,0.7,0.6,1.1,1.8,9.5
411,Taurean Prince\princta02,PF,26,BRK,12,4,18.2,2.5,6.2,0.405,1.1,3.1,0.351,1.4,3.1,0.459,0.493,2,2.3,0.889,0.2,2.7,2.8,0.6,0.7,0.7,0.9,1.8,8.1
411,Taurean Prince\princta02,PF,26,CLE,29,6,23.7,3.5,8.7,0.399,1.7,4.1,0.415,1.8,4.7,0.385,0.496,1.4,1.7,0.837,0.6,3.1,3.7,2.4,0.7,0.5,1.2,1.9,10.1
412,Payton Pritchard\pritcpa01,SG,23,BOS,59,2,19.4,2.8,6.2,0.452,1.5,3.6,0.417,1.3,2.6,0.5,0.573,0.7,0.7,0.907,0.5,1.8,2.3,1.8,0.5,0.2,0.9,1.6,7.7
413,Immanuel Quickley\quickim01,PG,21,NYK,60,3,19.5,3.7,9.2,0.398,1.9,4.8,0.394,1.8,4.4,0.402,0.5,2.4,2.7,0.895,0.4,1.8,2.2,2.1,0.5,0.2,0.9,1.8,11.6
414,Jahmi'us Ramsey\ramseja01,SG,19,SAC,8,0,3.6,0.8,1.5,0.5,0.3,0.9,0.286,0.5,0.6,0.8,0.583,0,0,,0.1,0.5,0.6,0.4,0.1,0.1,0.1,0.1,1.8
415,Chasson Randle\randlch01,PG,27,ORL,34,5,19.6,2.1,5.4,0.388,1.1,3,0.366,1,2.4,0.415,0.489,0.8,1,0.765,0.1,1.7,1.9,1.9,0.5,0.1,1.1,1.5,6
416,Julius Randle\randlju01,PF,26,NYK,64,64,37.4,8.5,18.5,0.463,2.3,5.4,0.427,6.2,13,0.478,0.525,4.8,6,0.811,1.2,9,10.3,5.9,1,0.3,3.4,3.1,24.2
417,Cam Reddish\reddica01,SF,21,ATL,26,21,28.8,3.7,10.1,0.365,1.3,4.8,0.262,2.4,5.3,0.46,0.428,2.6,3.2,0.817,0.8,3.2,4,1.3,1.3,0.3,1.3,2.6,11.2
418,J.J. Redick\redicjj01,SG,36,TOT,42,0,16.9,2.5,6.2,0.4,1.5,4.1,0.372,1,2.1,0.455,0.523,1.2,1.2,0.942,0.1,1.4,1.5,1.2,0.3,0.1,0.8,1.1,7.6
418,J.J. Redick\redicjj01,SG,36,NOP,31,0,18.6,2.8,6.9,0.407,1.6,4.5,0.364,1.2,2.4,0.486,0.526,1.5,1.5,0.957,0.1,1.6,1.7,1.3,0.3,0.1,0.8,1.2,8.7
418,J.J. Redick\redicjj01,SG,36,DAL,11,0,12.1,1.5,4.2,0.37,1.2,2.9,0.406,0.4,1.3,0.286,0.511,0.4,0.5,0.8,0.1,1,1.1,0.9,0.2,0.1,0.8,0.9,4.6
419,Paul Reed\reedpa01,PF,21,PHI,21,0,6.5,1.4,2.7,0.536,0,0.3,0,1.4,2.4,0.6,0.536,0,0.2,0.25,1,1.1,2,0.3,0.3,0.6,0.5,1,2.9
420,Naz Reid\reidna01,C,21,MIN,63,15,19.2,4.3,8.2,0.52,0.9,2.4,0.357,3.4,5.8,0.589,0.573,1.7,2.4,0.706,1.1,3.4,4.5,1,0.5,1.1,1,2.5,11.2
421,Cameron Reynolds\reynoca01,SF,25,SAS,3,0,2,0.3,0.7,0.5,0,0,,0.3,0.7,0.5,0.5,0,0,,0,0,0,0,0,0,0,0,0.7
422,Nick Richards\richani01,PF,23,CHO,17,0,3.6,0.2,0.5,0.5,0,0.1,0,0.2,0.4,0.571,0.5,0.4,0.6,0.636,0.1,0.4,0.5,0.1,0,0,0.2,0.4,0.9
423,Josh Richardson\richajo01,SG,27,DAL,52,52,31.3,4.4,10.5,0.424,1.5,4.7,0.322,2.9,5.8,0.507,0.496,1.8,2,0.912,0.8,2.6,3.4,2.7,0.9,0.4,1.4,2.3,12.2
424,Grant Riller\rillegr01,PG,23,CHO,5,0,4.2,1.2,1.8,0.667,0.4,0.8,0.5,0.8,1,0.8,0.778,0,0,,0,0,0,0.6,0.2,0,0.2,0,2.8
425,Austin Rivers\riverau01,SG,28,TOT,29,2,22.3,2.6,6.3,0.404,1.2,3.7,0.318,1.4,2.6,0.526,0.497,0.5,0.7,0.714,0.2,2,2.2,2.2,0.7,0.1,0.9,1.6,6.8
425,Austin Rivers\riverau01,SG,28,NYK,21,2,21,2.8,6.4,0.43,1.3,3.7,0.364,1.4,2.8,0.517,0.533,0.5,0.7,0.714,0.2,2,2.2,2,0.6,0,1,1.5,7.3
425,Austin Rivers\riverau01,SG,28,DEN,8,0,25.8,2,6,0.333,0.8,3.8,0.2,1.3,2.3,0.556,0.396,0.6,0.9,0.714,0.1,1.9,2,2.8,1.1,0.3,0.5,1.9,5.4
426,Andre Roberson\roberan03,SG,29,BRK,5,0,12.6,0.4,2.8,0.143,0.2,1.6,0.125,0.2,1.2,0.167,0.179,0.2,0.4,0.5,1.4,1.6,3,0.8,0.6,0.2,0.4,0.8,1.2
427,Duncan Robinson\robindu01,SF,26,MIA,66,66,31.8,4.4,10,0.437,3.5,8.6,0.404,0.9,1.5,0.635,0.61,0.8,1,0.821,0.1,3.5,3.6,1.8,0.6,0.2,1.1,2.5,13.1
428,Glenn Robinson III\robingl02,SF,27,SAC,23,2,16,1.8,4.3,0.424,0.7,1.9,0.364,1.1,2.4,0.473,0.505,0.9,1,0.913,0.5,1.5,2,0.9,0.2,0.1,0.5,1,5.3
429,Jerome Robinson\robinje01,SG,23,WAS,17,6,17.9,1.6,5.6,0.295,0.6,2.5,0.262,1,3.1,0.321,0.353,0.9,1.2,0.8,0.2,2,2.2,1.5,0.7,0.4,1.1,1.8,4.9
430,Justin Robinson\robinju01,PG,23,OKC,9,0,9.8,0.8,2.3,0.333,0.4,1.6,0.286,0.3,0.8,0.429,0.429,0.3,0.6,0.6,0.1,0.7,0.8,1,0.3,0,0.2,1.1,2.3
431,Mitchell Robinson\robinmi01,C,22,NYK,31,29,27.5,3.7,5.7,0.653,0,0,,3.7,5.7,0.653,0.653,0.8,1.7,0.491,3.6,4.5,8.1,0.5,1.1,1.5,0.8,2.8,8.3
432,Isaiah Roby\robyis01,PF,22,OKC,55,28,23.5,3.5,7.1,0.486,0.6,1.8,0.313,2.9,5.3,0.545,0.526,1.5,2,0.75,1.6,4.2,5.8,1.9,0.9,0.6,1.9,2.7,9
433,Rajon Rondo\rondora01,PG,34,TOT,40,2,16.7,2,4.7,0.426,0.7,2,0.359,1.3,2.8,0.473,0.5,0.3,0.3,0.909,0.4,2,2.3,4.1,0.9,0.1,1.7,1.3,5
433,Rajon Rondo\rondora01,PG,34,ATL,27,2,14.9,1.6,4.1,0.4,0.6,1.7,0.378,1,2.4,0.415,0.477,0,0.1,0.5,0.1,1.9,2,3.5,0.7,0.1,1.4,0.9,3.9
433,Rajon Rondo\rondora01,PG,34,LAC,13,0,20.3,2.8,6,0.462,0.8,2.5,0.333,1.9,3.5,0.556,0.532,0.7,0.7,1,0.8,2.1,2.8,5.3,1.2,0.2,2.1,1.9,7.1
434,Derrick Rose\rosede01,PG,32,TOT,44,3,25.1,5.5,12,0.46,1,2.6,0.377,4.6,9.5,0.483,0.501,2.2,2.6,0.852,0.4,2,2.4,4.1,1,0.4,1.5,1.1,14.3
434,Derrick Rose\rosede01,PG,32,DET,15,0,22.8,5.3,12.3,0.429,0.9,2.6,0.333,4.4,9.7,0.455,0.465,2.8,3.3,0.84,0.4,1.5,1.9,4.2,1.2,0.3,1.9,1.1,14.2
434,Derrick Rose\rosede01,PG,32,NYK,29,3,26.3,5.7,11.9,0.477,1,2.6,0.4,4.7,9.3,0.498,0.52,1.9,2.2,0.862,0.3,2.3,2.7,4.1,0.9,0.5,1.2,1.1,14.3
435,Terrence Ross\rosste01,SG,29,ORL,46,2,29.3,5.5,13.4,0.412,1.9,5.7,0.337,3.6,7.7,0.469,0.485,2.6,3,0.87,0.3,3.1,3.4,2.3,1,0.5,1.6,1.9,15.6
436,Terry Rozier\roziete01,SG,26,CHO,62,62,34.1,7.4,16.3,0.453,3.3,8.3,0.394,4.1,8,0.515,0.554,2.3,2.8,0.825,0.6,3.6,4.2,4.1,1.2,0.4,1.8,1.7,20.3
437,Ricky Rubio\rubiori01,PG,30,MIN,61,46,26.1,2.8,7.2,0.382,0.9,3,0.311,1.8,4.2,0.432,0.447,2,2.3,0.865,0.4,2.9,3.2,6.5,1.5,0,1.7,2.1,8.4
438,D'Angelo Russell\russeda01,PG,24,MIN,35,19,27.9,6.8,15.6,0.435,2.9,7.4,0.388,3.9,8.3,0.478,0.527,2.5,3.2,0.779,0.3,2.1,2.5,5.5,1,0.4,2.8,1.8,19
439,Domantas Sabonis\sabondo01,PF,24,IND,55,55,35.7,7.7,14.5,0.527,0.8,2.6,0.31,6.8,11.9,0.575,0.555,4.1,5.6,0.73,2.5,9.4,11.9,6.2,1.2,0.5,3.4,3.3,20.2
440,Luka Šamanić\samanlu01,PF,21,SAS,29,4,9.3,1.3,2.9,0.447,0.3,1.3,0.263,1,1.6,0.596,0.506,0.4,0.8,0.5,0.5,1.6,2,0.5,0.2,0.2,0.6,1.4,3.4
441,JaKarr Sampson\sampsja02,PF,27,IND,25,4,10.4,1.6,3.4,0.471,0.1,0.5,0.25,1.5,2.9,0.507,0.488,0.6,1,0.6,0.9,1.8,2.6,0.1,0.1,0.5,0.6,1.9,3.9
442,Dario Šarić\saricda01,C,26,PHO,44,1,17.5,3.2,6.9,0.457,1,2.8,0.363,2.1,4.1,0.522,0.531,1.6,1.9,0.857,1,3,3.9,1.3,0.6,0.1,1.2,2,9
443,Tomáš Satoranský\satorto01,SG,29,CHI,53,18,23.1,3,5.8,0.516,0.8,2.1,0.357,2.3,3.7,0.606,0.581,1.2,1.4,0.865,0.5,2,2.5,4.8,0.8,0.2,1.8,1.6,8
444,Dennis Schröder\schrode01,SG,27,LAL,59,59,32.2,5.5,12.5,0.438,1.1,3.4,0.335,4.4,9.2,0.476,0.483,3.4,4,0.844,0.5,3,3.5,5.8,1.2,0.2,2.7,2.6,15.5
445,Mike Scott\scottmi01,PF,32,PHI,44,11,16.8,1.5,4,0.369,1,3,0.343,0.4,1,0.452,0.5,0.2,0.3,0.667,0.2,2.2,2.4,0.7,0.5,0.2,0.4,1.5,4.2
446,Collin Sexton\sextoco01,SG,22,CLE,53,53,35.7,9,18.6,0.482,1.7,4.5,0.378,7.3,14.1,0.515,0.528,4.9,6,0.812,1,2.2,3.2,4.2,1.1,0.2,2.8,2.7,24.5
447,Landry Shamet\shamela01,SG,23,BRK,55,9,22.6,3.1,7.6,0.41,2.1,5.5,0.388,1,2.1,0.469,0.552,1.1,1.3,0.861,0.2,1.7,1.9,1.5,0.5,0.2,0.8,1.5,9.5
448,Iman Shumpert\shumpim01,SG,30,BRK,2,0,5.5,0.5,2,0.25,0,1.5,0,0.5,0.5,1,0.25,0,0,,0.5,0,0.5,0,0.5,0,0.5,0,1
449,Pascal Siakam\siakapa01,PF,26,TOR,54,54,35.8,7.6,16.9,0.452,1.3,4.4,0.301,6.3,12.5,0.504,0.491,4.4,5.3,0.836,1.7,5.6,7.2,4.4,1.2,0.7,2.3,3.2,21
450,Chris Silva\silvach01,PF,24,TOT,15,0,6.1,0.7,1.1,0.625,0.1,0.1,1,0.6,1,0.6,0.656,0.7,1,0.733,0.5,1.3,1.8,0.4,0.1,0.4,0.7,1.6,2.1
450,Chris Silva\silvach01,PF,24,MIA,11,0,7.5,0.8,1.2,0.692,0.1,0.1,1,0.7,1.1,0.667,0.731,1,1.4,0.733,0.6,1.6,2.3,0.5,0.1,0.5,0.8,1.8,2.7
450,Chris Silva\silvach01,PF,24,SAC,4,0,2.3,0.3,0.8,0.333,0,0,,0.3,0.8,0.333,0.333,0,0,,0,0.5,0.5,0,0,0.3,0.3,1,0.5
451,Ben Simmons\simmobe01,PG,24,PHI,53,53,32.6,5.6,10.1,0.557,0.1,0.2,0.3,5.6,9.9,0.562,0.56,3.2,5.3,0.606,1.6,5.8,7.4,6.9,1.7,0.6,3.1,3,14.5
452,Anfernee Simons\simonan01,SG,21,POR,57,0,16.7,2.7,6.4,0.421,2,4.5,0.432,0.7,1.9,0.393,0.574,0.7,0.9,0.784,0.2,1.9,2.1,1.4,0.3,0.1,0.7,1.5,8.1
453,Deividas Sirvydis\sirvyde01,SG,20,DET,16,0,3.1,0.3,1.1,0.278,0.3,0.9,0.286,0.1,0.3,0.25,0.389,0.2,0.3,0.75,0,0.7,0.7,0.1,0.1,0,0.2,0.3,1.1
454,Alen Smailagić\smailal01,PF,20,GSW,12,1,4.3,0.6,1.5,0.389,0.2,0.4,0.4,0.4,1.1,0.385,0.444,0.1,0.3,0.25,0.3,0.7,1,0.3,0.2,0.3,0.1,0.6,1.4
455,Marcus Smart\smartma01,PG,26,BOS,44,41,33,4.3,10.8,0.4,2,6,0.336,2.3,4.7,0.481,0.494,2.9,3.6,0.799,0.8,2.7,3.5,5.7,1.5,0.5,1.9,2.6,13.5
456,Dennis Smith Jr.\smithde03,PG,23,TOT,23,9,18.3,2.5,6.3,0.4,0.8,2.5,0.328,1.7,3.8,0.448,0.466,0.8,1.1,0.731,0.5,1.9,2.4,3.3,1,0.6,1.1,1.6,6.7
456,Dennis Smith Jr.\smithde03,PG,23,NYK,3,0,9.3,0.7,3.3,0.2,0,1.3,0,0.7,2,0.333,0.2,1.7,2,0.833,0,0.7,0.7,1,1,0,0.3,1.3,3
456,Dennis Smith Jr.\smithde03,PG,23,DET,20,9,19.6,2.8,6.8,0.415,1,2.7,0.352,1.9,4.1,0.457,0.485,0.7,1,0.7,0.6,2.1,2.7,3.7,1,0.7,1.3,1.7,7.3
457,Ish Smith\smithis01,PG,32,WAS,37,1,20.4,2.8,6.4,0.435,0.4,1.1,0.385,2.4,5.4,0.444,0.466,0.4,0.8,0.552,0.5,2.7,3.2,4,0.7,0.3,1,1.4,6.4
458,Jalen Smith\smithja04,PF,20,PHO,24,0,4,0.6,1.4,0.424,0.1,0.5,0.25,0.5,0.9,0.524,0.47,0,0.1,0.333,0.3,0.6,0.8,0.1,0,0.1,0.2,0.5,1.3
459,Tony Snell\snellto01,SG,29,ATL,43,21,21.2,1.9,3.7,0.516,1.4,2.5,0.575,0.5,1.2,0.392,0.71,0.3,0.3,1,0.4,2,2.3,1.3,0.3,0.3,0.4,1.6,5.4
460,Ray Spalding\spaldra01,C,23,HOU,2,0,9.5,1,2,0.5,0,0.5,0,1,1.5,0.667,0.5,0,1,0,1,1,2,0,0,1,1.5,1.5,2
461,Cassius Stanley\stanlca01,SG,21,IND,20,0,3.4,0.6,1.7,0.333,0.1,0.5,0.222,0.5,1.2,0.375,0.364,0.3,0.4,0.857,0.3,0.5,0.8,0.1,0,0.1,0.1,0.6,1.5
462,Lamar Stevens\stevela01,PF,23,CLE,40,0,12.5,1.6,3.4,0.456,0.1,0.6,0.16,1.5,2.8,0.523,0.471,0.9,1.3,0.725,0.6,1.8,2.4,0.6,0.4,0.3,0.6,1.3,4.1
463,Isaiah Stewart\stewais01,C,19,DET,64,11,20.9,3.2,5.7,0.566,0.2,0.7,0.349,3,5,0.595,0.587,0.9,1.3,0.691,2.4,4.2,6.6,0.8,0.5,1.2,1,2.7,7.5
464,Max Strus\strusma01,SF,24,MIA,36,0,13,2.1,4.7,0.456,1.3,3.8,0.341,0.9,0.9,0.912,0.592,0.4,0.6,0.65,0.1,0.9,1,0.6,0.3,0,0.2,1.2,5.9
465,Edmond Sumner\sumneed01,SG,25,IND,51,22,16,2.8,5.3,0.528,0.7,1.7,0.402,2.1,3.6,0.588,0.593,1.3,1.6,0.813,0.4,1.4,1.8,0.9,0.6,0.2,0.9,1.6,7.5
466,Jae'Sean Tate\tateja01,SF,25,HOU,65,53,29.4,4.5,8.8,0.513,0.8,2.7,0.297,3.7,6.1,0.609,0.559,1.4,2,0.698,1.9,3.4,5.4,2.3,1.3,0.5,1.3,3.2,11.2
467,Jayson Tatum\tatumja01,SF,22,BOS,58,58,35.9,9.5,20.6,0.459,2.9,7.5,0.393,6.5,13.1,0.497,0.531,4.6,5.3,0.873,0.8,6.6,7.4,4.4,1.1,0.4,2.7,1.9,26.5
468,Jeff Teague\teaguje01,PG,32,TOT,49,6,17.6,2.2,5.1,0.425,0.6,1.5,0.405,1.6,3.6,0.433,0.484,1.6,1.8,0.856,0.3,1.4,1.7,2.4,0.6,0.2,1.1,1.1,6.6
468,Jeff Teague\teaguje01,PG,32,BOS,34,5,18.1,2.3,5.5,0.415,0.8,1.6,0.464,1.5,3.9,0.394,0.484,1.5,1.8,0.836,0.3,1.4,1.7,2.1,0.8,0.2,1.1,1.3,6.9
468,Jeff Teague\teaguje01,PG,32,MIL,15,1,16.3,1.9,4.3,0.453,0.3,1.2,0.222,1.7,3.1,0.543,0.484,1.7,1.9,0.897,0.2,1.4,1.6,3,0.1,0.2,1,0.7,5.9
469,Garrett Temple\templga01,SG,34,CHI,49,23,27.2,2.9,6.9,0.423,1.2,3.7,0.339,1.7,3.2,0.519,0.513,0.7,0.9,0.814,0.5,2.2,2.7,2.2,0.8,0.5,1.1,2.3,7.8
470,Tyrell Terry\terryty01,PG,20,DAL,11,0,5.1,0.5,1.5,0.313,0,0.6,0,0.5,0.8,0.556,0.313,0.1,0.3,0.333,0,0.5,0.5,0.5,0.5,0,0.2,0.2,1
471,Daniel Theis\theisda01,C,28,TOT,62,48,24.6,3.9,7.2,0.542,0.7,2.3,0.31,3.2,4.8,0.653,0.592,1.1,1.7,0.663,1.4,4,5.4,1.7,0.6,0.9,1,2.5,9.6
471,Daniel Theis\theisda01,C,28,BOS,42,37,24.5,3.8,6.9,0.552,0.8,2.3,0.347,3,4.6,0.653,0.609,1.1,1.6,0.687,1.3,4,5.2,1.6,0.6,1,1,2.9,9.5
471,Daniel Theis\theisda01,C,28,CHI,20,11,24.9,4.1,7.9,0.522,0.6,2.5,0.24,3.5,5.4,0.654,0.561,1.2,1.9,0.622,1.6,4.2,5.8,1.9,0.7,0.6,1.1,1.9,10
472,Brodric Thomas\thomabr01,SG,24,TOT,25,1,8.6,0.8,2.6,0.308,0.4,1.5,0.27,0.4,1.1,0.357,0.385,0.8,1.1,0.704,0.2,0.8,1,0.7,0.3,0.3,0.7,0.9,2.8
472,Brodric Thomas\thomabr01,SG,24,HOU,4,0,6,0.5,1.8,0.286,0.3,1.5,0.167,0.3,0.3,1,0.357,1.3,1.8,0.714,0.3,0.8,1,1,0.3,0.3,1,1.3,2.5
472,Brodric Thomas\thomabr01,SG,24,CLE,21,1,9.1,0.9,2.8,0.31,0.4,1.5,0.29,0.4,1.3,0.333,0.388,0.7,1,0.7,0.2,0.8,1,0.7,0.3,0.3,0.6,0.9,2.8
473,Isaiah Thomas\thomais02,PG,31,NOP,3,0,16,3,9,0.333,1,4,0.25,2,5,0.4,0.389,0.7,0.7,1,0.3,1,1.3,1.7,0.3,0,2,1,7.7
474,Matt Thomas\thomama02,SG,26,TOT,39,0,7.4,1.2,2.8,0.417,0.6,1.7,0.373,0.5,1.1,0.488,0.532,0.2,0.3,0.9,0.1,0.7,0.9,0.4,0.1,0,0.3,0.4,3.2
474,Matt Thomas\thomama02,SG,26,TOR,26,0,7.4,0.9,2.4,0.387,0.7,1.6,0.415,0.3,0.8,0.333,0.524,0.2,0.3,0.857,0.1,0.7,0.8,0.3,0.1,0,0.2,0.4,2.7
474,Matt Thomas\thomama02,SG,26,UTA,13,0,7.3,1.6,3.5,0.457,0.6,2,0.308,1,1.5,0.65,0.543,0.2,0.2,1,0.2,0.8,1,0.5,0.1,0,0.5,0.4,4.1
475,Tristan Thompson\thomptr01,PF,29,BOS,50,40,23.4,3.2,6.1,0.518,0,0.1,0,3.2,6.1,0.523,0.518,1.4,2.3,0.605,3.2,5,8.1,1.3,0.4,0.6,1.1,2.2,7.7
476,Sindarius Thornwell\thornsi01,SG,26,NOP,14,1,5.2,0.5,1.5,0.333,0.2,0.6,0.333,0.3,0.9,0.333,0.405,0,0.1,0,0.1,0.3,0.4,0.3,0.4,0.1,0.3,0.2,1.2
477,Matisse Thybulle\thybuma01,SG,23,PHI,62,7,20.1,1.6,3.8,0.419,0.7,2.2,0.304,0.9,1.6,0.582,0.508,0.1,0.3,0.444,0.5,1.4,1.9,1,1.6,1.1,0.5,2,4
478,Killian Tillie\tilliki02,C,22,MEM,16,0,8.1,0.8,2.6,0.31,0.4,1.6,0.231,0.4,1,0.438,0.381,0.4,0.4,0.857,0.4,0.7,1.1,0.3,0.3,0.4,0.1,1.1,2.4
479,Xavier Tillman Sr.\tillmxa01,PF,22,MEM,53,10,18.6,2.8,5.1,0.551,0.4,1.1,0.333,2.5,4,0.613,0.588,0.6,0.9,0.667,1.2,3.1,4.3,1.3,0.8,0.5,0.7,2.1,6.6
480,Anthony Tolliver\tollian01,PF,35,PHI,6,0,10.8,0.2,1.7,0.1,0.2,1.2,0.143,0,0.5,0,0.15,0.8,1,0.833,0.5,0.8,1.3,0.3,0.5,0.3,0.5,1,1.3
481,Obi Toppin\toppiob01,PF,22,NYK,55,0,11.1,1.6,3.4,0.481,0.4,1.4,0.28,1.3,2,0.616,0.537,0.3,0.5,0.731,0.4,1.9,2.3,0.5,0.3,0.2,0.4,0.9,4
482,Juan Toscano-Anderson\toscaju01,SG,27,GSW,47,15,19.7,2.1,3.7,0.587,0.6,1.5,0.417,1.5,2.1,0.71,0.674,0.4,0.6,0.69,0.6,3.5,4.1,2.5,0.7,0.5,1.1,2,5.4
483,Axel Toupane\toupaax01,SF,28,MIL,8,1,7.6,0.5,1.4,0.364,0.1,0.3,0.5,0.4,1.1,0.333,0.409,0.6,0.9,0.714,0,0.8,0.8,0.5,0.3,0.4,0,0.8,1.8
484,Karl-Anthony Towns\townska01,C,25,MIN,43,43,34.3,8.6,17.6,0.487,2.5,6.3,0.394,6.1,11.3,0.539,0.557,5.2,6,0.862,2.6,8.3,10.9,4.6,0.7,1.3,3.3,3.7,24.8
485,Gary Trent Jr.\trentga02,SG,22,TOT,55,35,30.9,5.5,13.3,0.415,2.9,7.3,0.389,2.7,6,0.447,0.522,1.3,1.7,0.78,0.4,2.1,2.5,1.4,1,0.2,0.7,1.5,15.2
485,Gary Trent Jr.\trentga02,SG,22,POR,41,23,30.8,5.3,12.8,0.414,3,7.4,0.397,2.3,5.3,0.438,0.53,1.4,1.8,0.773,0.5,1.7,2.2,1.4,0.9,0.1,0.8,1.5,15
485,Gary Trent Jr.\trentga02,SG,22,TOR,14,12,31.2,6.2,14.9,0.416,2.6,7.1,0.364,3.6,7.9,0.464,0.502,0.9,1.1,0.813,0.1,3.4,3.4,1.4,1.2,0.2,0.7,1.5,15.9
486,P.J. Tucker\tuckepj01,PF,35,TOT,46,32,26.8,1.4,3.6,0.384,0.8,2.4,0.349,0.5,1.2,0.455,0.5,0.4,0.5,0.75,1.1,3.1,4.2,1.2,0.8,0.4,0.8,2.5,4
486,P.J. Tucker\tuckepj01,PF,35,HOU,32,32,30,1.5,4.1,0.366,0.8,2.7,0.314,0.7,1.4,0.467,0.469,0.6,0.7,0.783,1,3.6,4.6,1.4,0.9,0.6,1,2.8,4.4
486,P.J. Tucker\tuckepj01,PF,35,MIL,14,0,19.6,1.1,2.4,0.455,0.8,1.6,0.478,0.3,0.7,0.4,0.621,0,0.1,0,1.1,2,3.1,0.6,0.6,0.1,0.3,1.9,2.9
487,Rayjon Tucker\tuckera01,PG,23,PHI,12,0,4.1,0.4,0.9,0.455,0.2,0.4,0.4,0.3,0.5,0.5,0.545,1,1.2,0.857,0.1,0.7,0.8,0.4,0.2,0,0.3,0.4,2
488,Myles Turner\turnemy01,C,24,IND,47,47,31,4.4,9.2,0.477,1.5,4.4,0.335,2.9,4.8,0.606,0.557,2.4,3,0.782,1.3,5.2,6.5,1,0.9,3.4,1.4,3.5,12.6
489,Jonas Valančiūnas\valanjo01,C,28,MEM,56,55,28.1,6.9,12,0.579,0.4,1,0.382,6.6,11,0.596,0.594,2.5,3.3,0.765,4.1,8.3,12.4,1.8,0.6,0.8,1.7,2.8,16.8
490,Denzel Valentine\valende01,SG,27,CHI,58,3,17.2,2.6,6.8,0.378,1.3,4,0.329,1.3,2.8,0.448,0.475,0.3,0.3,0.941,0.4,2.9,3.3,1.7,0.5,0.1,0.7,1.2,6.8
491,Jarred Vanderbilt\vandeja01,PF,21,MIN,57,25,17.1,2.1,3.5,0.598,0,0.1,0.25,2.1,3.4,0.605,0.601,0.9,1.7,0.563,1.8,3.7,5.5,1.3,0.9,0.7,0.9,1.9,5.1
492,Fred VanVleet\vanvlfr01,SG,26,TOR,51,51,36.4,6.5,16.6,0.392,3.3,9.1,0.366,3.2,7.5,0.423,0.492,3.2,3.7,0.882,0.6,3.6,4.2,6.3,1.7,0.7,1.8,2.3,19.5
493,Devin Vassell\vassede01,SF,20,SAS,54,5,16.2,1.8,4.5,0.397,0.9,2.3,0.377,0.9,2.2,0.417,0.492,0.7,0.8,0.857,0.4,2.3,2.7,0.9,0.7,0.3,0.3,1.4,5.1
494,Gabe Vincent\vincega01,PG,24,MIA,47,6,13.1,1.7,4.7,0.373,0.9,3,0.305,0.8,1.7,0.494,0.47,0.4,0.5,0.87,0.2,0.9,1.1,1.2,0.4,0,0.6,1.6,4.8
495,Noah Vonleh\vonleno01,PF,25,BRK,4,0,2.8,0,0.8,0,0,0.5,0,0,0.3,0,0,0,0,,0,0.3,0.3,0.3,0,0,0.5,0.5,0
496,Nikola Vučević\vucevni01,C,30,TOT,64,64,33.6,9.6,19.9,0.484,2.6,6.2,0.411,7.1,13.7,0.518,0.549,2,2.4,0.836,2,9.5,11.5,3.7,1,0.7,1.8,1.9,23.8
496,Nikola Vučević\vucevni01,C,30,ORL,44,44,34.1,9.9,20.6,0.48,2.7,6.5,0.406,7.3,14.1,0.515,0.545,2.1,2.5,0.827,2,9.8,11.8,3.8,1,0.6,1.9,1.8,24.5
496,Nikola Vučević\vucevni01,C,30,CHI,20,20,32.5,9.1,18.3,0.495,2.4,5.6,0.423,6.7,12.8,0.525,0.559,1.8,2.1,0.857,2.1,8.8,10.9,3.6,1,0.8,1.7,2.2,22.3
497,Dean Wade\wadede01,PF,24,CLE,56,13,17.6,1.9,4.6,0.424,1.1,3.2,0.362,0.8,1.4,0.564,0.549,0.3,0.4,0.783,0.5,2.5,3.1,1.2,0.4,0.4,0.4,1.1,5.3
498,Moritz Wagner\wagnemo01,C,23,TOT,38,17,14.4,2.1,4.6,0.457,0.5,1.7,0.317,1.6,2.9,0.536,0.514,1.4,1.7,0.788,0.5,2.4,2.9,1.1,0.6,0.3,0.8,2.2,6.1
498,Moritz Wagner\wagnemo01,C,23,WAS,25,13,15,2.5,4.9,0.508,0.5,1.7,0.31,2,3.2,0.613,0.561,1.6,2.1,0.788,0.5,2.4,2.9,1.3,0.9,0.3,0.8,2.5,7.1
498,Moritz Wagner\wagnemo01,C,23,BOS,9,1,6.8,0.4,1.6,0.286,0.2,0.7,0.333,0.2,0.9,0.25,0.357,0.1,0.2,0.5,0.3,1.8,2.1,0.7,0,0.1,1,1.1,1.2
498,Moritz Wagner\wagnemo01,C,23,ORL,4,3,28,3.3,9.3,0.351,1.3,3.8,0.333,2,5.5,0.364,0.419,2.5,3,0.833,0.5,4,4.5,1.3,0,1,0.5,3.3,10.3
499,Kemba Walker\walkeke02,PG,30,BOS,39,39,31.5,6.3,15.3,0.409,2.8,8.1,0.348,3.4,7.2,0.477,0.501,2.9,3.1,0.918,0.3,3.6,3.9,5,1.1,0.3,2.1,1.4,18.2
500,Lonnie Walker\walkelo01,SG,22,SAS,52,31,25.2,4.2,10,0.423,1.7,4.6,0.363,2.6,5.4,0.473,0.506,1.1,1.3,0.809,0.2,2.3,2.5,1.6,0.5,0.3,1.1,1.8,11.1
501,John Wall\walljo01,PG,30,HOU,40,40,32.2,7.3,18.2,0.404,2,6.2,0.317,5.4,11.9,0.449,0.458,4,5.3,0.749,0.4,2.8,3.2,6.9,1.1,0.8,3.5,1.2,20.6
502,Brad Wanamaker\wanambr01,PG,31,TOT,58,0,17.1,1.9,5,0.384,0.3,1.4,0.19,1.6,3.5,0.463,0.412,1.4,1.6,0.891,0.3,1.4,1.7,2.8,0.7,0.2,1.2,1.5,5.5
502,Brad Wanamaker\wanambr01,PG,31,GSW,39,0,16,1.6,4.4,0.353,0.3,1.6,0.213,1.2,2.9,0.429,0.39,1.3,1.4,0.893,0.2,1.5,1.7,2.5,0.7,0.2,0.9,1.4,4.7
502,Brad Wanamaker\wanambr01,PG,31,CHO,19,0,19.2,2.6,6.1,0.431,0.2,1.2,0.13,2.5,4.9,0.505,0.444,1.7,1.9,0.889,0.4,1.3,1.7,3.4,0.7,0.3,1.6,1.8,7.1
503,T.J. Warren\warretj01,SF,27,IND,4,4,29.3,6.8,12.8,0.529,0,1.8,0,6.8,11,0.614,0.529,2,2.5,0.8,0.5,3,3.5,1.3,0.5,0,1,4,15.5
504,P.J. Washington\washipj01,PF,22,CHO,57,54,30,4.7,10.4,0.449,1.7,4.2,0.397,3,6.2,0.484,0.53,1.8,2.3,0.752,1.4,4.9,6.2,2.5,1,1.3,2.1,2.7,12.8
505,Yuta Watanabe\watanyu01,SF,26,TOR,47,2,14.2,1.5,3.4,0.45,0.7,1.7,0.407,0.8,1.7,0.494,0.553,0.5,0.6,0.815,0.8,2.4,3.2,0.8,0.5,0.4,0.4,1.1,4.2
506,Tremont Waters\watertr01,PG,23,BOS,21,2,7.6,0.9,2.3,0.388,0.4,1,0.364,0.5,1.3,0.407,0.469,0.6,0.7,0.929,0.1,0.4,0.6,2.1,0.6,0,0.9,0.6,2.8
507,Paul Watson\watsopa01,SF,26,TOR,27,2,11,1.4,3,0.463,1.1,2.4,0.469,0.3,0.7,0.444,0.646,0.2,0.3,0.625,0.1,1.5,1.7,0.6,0.2,0.1,0.3,1.3,4.1
508,Quinndary Weatherspoon\weathqu01,SG,24,SAS,17,0,4.5,0.4,0.9,0.375,0,0.1,0,0.4,0.8,0.429,0.375,0.4,0.5,0.875,0.1,0.2,0.4,0.3,0.4,0.1,0.5,0.8,1.1
509,Russell Westbrook\westbru01,PG,32,WAS,58,58,35.9,8.3,18.8,0.441,1.2,3.9,0.314,7.1,14.8,0.475,0.474,4,6.2,0.641,1.7,9.6,11.3,11.2,1.3,0.3,4.9,2.8,21.8
510,Coby White\whiteco01,PG,20,CHI,62,47,30.9,5.4,13,0.413,2.2,6.3,0.349,3.2,6.7,0.474,0.498,2,2.2,0.912,0.4,3.6,4,4.7,0.5,0.2,2.3,2.6,14.9
511,Derrick White\whitede01,SG,26,SAS,36,32,29.6,5.2,12.6,0.411,2.3,6.8,0.346,2.8,5.8,0.486,0.503,2.7,3.2,0.851,0.4,2.6,3,3.5,0.7,1,1.3,2.5,15.4
512,Hassan Whiteside\whiteha01,C,31,SAC,36,4,15.2,3.5,6.2,0.563,0,0,0,3.5,6.2,0.565,0.563,1.1,2.2,0.519,1.7,4.3,6,0.6,0.3,1.3,1.1,2,8.1
513,Greg Whittington\whittgr01,PF,27,DEN,4,0,3,0,0.8,0,0,0.5,0,0,0.3,0,0,0,0,,0,0,0,0,0,0,0,0,0
514,Andrew Wiggins\wiggian01,PF,25,GSW,66,66,33.3,6.9,14.7,0.473,2,5.2,0.383,4.9,9.4,0.523,0.541,2.5,3.5,0.715,1.1,3.7,4.8,2.3,1,1,1.8,2.2,18.3
515,Grant Williams\willigr01,PF,22,BOS,56,8,18.1,1.6,3.7,0.431,0.8,2.1,0.374,0.8,1.7,0.5,0.533,0.4,0.7,0.55,0.8,2,2.8,1,0.5,0.4,0.9,2.5,4.4
516,Kenrich Williams\willike04,PF,26,OKC,64,12,21.5,3.2,6,0.53,0.7,1.7,0.431,2.5,4.3,0.568,0.59,0.6,1,0.571,1.3,2.9,4.2,2.2,0.8,0.2,1.1,2.1,7.7
517,Lou Williams\willilo02,PG,34,TOT,60,4,22.2,4.1,10.1,0.409,1.1,2.7,0.393,3.1,7.4,0.414,0.461,2.4,2.8,0.861,0.4,1.7,2.1,3.4,0.8,0.1,1.7,1,11.7
517,Lou Williams\willilo02,PG,34,LAC,42,3,21.9,4.3,10.2,0.421,1.1,2.8,0.378,3.2,7.4,0.437,0.473,2.5,2.8,0.866,0.4,1.7,2.1,3.4,0.9,0.1,1.6,1,12.1
517,Lou Williams\willilo02,PG,34,ATL,18,1,22.8,3.7,9.8,0.379,1.1,2.4,0.432,2.7,7.4,0.361,0.432,2.2,2.6,0.851,0.3,1.7,2.1,3.4,0.4,0.1,1.8,0.9,10.7
518,Patrick Williams\willipa01,PF,19,CHI,64,64,28.2,3.6,7.5,0.475,0.8,2,0.384,2.8,5.5,0.507,0.525,1.3,1.7,0.734,0.9,3.7,4.6,1.4,0.9,0.6,1.4,1.8,9.1
519,Robert Williams\williro04,C,23,BOS,50,11,19.1,3.6,5,0.717,0,0,0,3.6,5,0.723,0.717,0.9,1.4,0.634,2.6,4.4,7,1.8,0.8,1.8,1,2.1,8.1
520,Zion Williamson\willizi01,PF,20,NOP,61,61,33.2,10.4,17,0.611,0.2,0.6,0.294,10.2,16.4,0.622,0.616,6,8.7,0.698,2.7,4.5,7.2,3.7,0.9,0.6,2.7,2.2,27
521,D.J. Wilson\wilsodj01,PF,24,TOT,35,1,12.4,1.9,4.8,0.405,0.9,2.5,0.345,1.1,2.3,0.469,0.494,0.5,0.7,0.68,0.6,2.6,3.2,0.7,0.3,0.5,0.6,1.3,5.2
521,D.J. Wilson\wilsodj01,PF,24,MIL,12,0,8.8,1.3,3.6,0.372,0.8,2.3,0.357,0.5,1.3,0.4,0.488,0.1,0.2,0.5,0.3,1.8,2.1,0.3,0.1,0.3,0.3,1.1,3.6
521,D.J. Wilson\wilsodj01,PF,24,HOU,23,1,14.3,2.3,5.4,0.416,0.9,2.6,0.339,1.4,2.9,0.485,0.496,0.7,1,0.696,0.7,3,3.8,0.9,0.4,0.5,0.8,1.3,6.1
522,Dylan Windler\windldy01,SF,24,CLE,31,0,16.5,1.8,4.2,0.438,0.8,2.5,0.338,1,1.7,0.585,0.538,0.7,0.9,0.778,0.6,2.8,3.5,1.1,0.6,0.4,1,1.2,5.2
523,Justise Winslow\winslju01,SF,24,MEM,24,0,19.3,2.7,8,0.34,0.3,2,0.125,2.5,6,0.413,0.356,0.7,1.2,0.586,0.7,3.6,4.3,1.8,0.6,0.5,1.4,1.8,6.4
524,Cassius Winston\winstca01,PG,22,WAS,21,0,4.6,0.7,1.6,0.424,0.4,0.8,0.471,0.3,0.8,0.375,0.545,0.2,0.3,0.833,0,0.4,0.4,0.6,0.1,0,0.2,0.4,2
525,James Wiseman\wisemja01,C,19,GSW,39,27,21.4,4.9,9.4,0.519,0.3,1,0.316,4.6,8.5,0.542,0.535,1.4,2.2,0.628,1.4,4.4,5.8,0.7,0.3,0.9,1.5,3.1,11.5
526,Christian Wood\woodch01,C,25,HOU,41,41,32.3,8,15.6,0.514,1.9,5,0.374,6.1,10.6,0.581,0.574,3,4.8,0.631,1.9,7.8,9.6,1.7,0.8,1.2,2,2.1,21
527,Robert Woodard\woodaro01,SF,21,SAC,11,0,2.6,0.6,1.3,0.5,0.1,0.4,0.25,0.5,0.9,0.6,0.536,0.3,0.7,0.375,0.3,0.7,1,0,0,0.2,0.1,0.2,1.6
528,Delon Wright\wrighde01,SG-PG,28,TOT,56,32,27,3.6,7.8,0.456,0.9,2.5,0.362,2.7,5.3,0.5,0.514,1.7,2.2,0.795,0.9,3.2,4.1,4.2,1.5,0.5,1.2,1.2,9.7
528,Delon Wright\wrighde01,SG,28,DET,36,31,29.2,3.8,8.1,0.464,0.9,2.5,0.348,2.9,5.7,0.515,0.517,2,2.5,0.789,1,3.5,4.6,5,1.6,0.5,1.3,1.3,10.4
528,Delon Wright\wrighde01,PG,28,SAC,20,1,23,3.2,7.2,0.441,1,2.5,0.388,2.2,4.7,0.468,0.507,1.3,1.6,0.813,0.8,2.6,3.4,2.8,1.4,0.4,1,1,8.6
529,Thaddeus Young\youngth01,PF,32,CHI,61,19,24.3,5.5,9.6,0.574,0.2,0.6,0.263,5.4,9,0.596,0.583,1,1.5,0.628,2.4,3.7,6.1,4.3,1.1,0.5,2,2.3,12.2
530,Trae Young\youngtr01,PG,22,ATL,57,57,34.2,7.7,17.7,0.433,2.3,6.4,0.356,5.4,11.3,0.477,0.498,7.8,8.9,0.879,0.6,3.2,3.9,9.4,0.9,0.2,4.2,1.8,25.5
531,Cody Zeller\zelleco01,C,28,CHO,41,20,20.4,3.6,6.6,0.546,0.1,0.7,0.148,3.5,6,0.59,0.554,1.7,2.4,0.711,2.5,4.2,6.8,1.8,0.6,0.4,1,2.4,9
532,Ivica Zubac\zubaciv01,C,23,LAC,66,27,22.6,3.6,5.6,0.644,0,0,0,3.6,5.5,0.649,0.644,1.9,2.5,0.784,2.7,4.6,7.3,1.3,0.4,0.9,1.2,2.6,9.1